1000 7622
Motijheel
Gulistan
Paltan
Ramna
Dhanmondi
Mohammadpur
Lalmatia
Kalabagan
Jigatola
Hazaribagh
Elephant_Road
New_Market
Azimpur
Nilkhet
Shahbagh
TSC
Farmgate
Karwan_Bazar
Panthapath
Green_Road
Tejgaon
Mohakhali
Banani
Gulshan_1
Gulshan_2
Baridhara
Badda
Rampura
Malibagh
Khilgaon
Sabujbagh
Jatrabari
Sayedabad
Demra
Gendaria
Wari
Sutrapur
Lalbagh
Chawkbazar
Islampur
Kotwali
Bangshal
Uttara
Airport
Khilkhet
Nikunja
Cantonment
Kurmitola
Mirpur_1
Mirpur_10
City_51
City_52
City_53
City_54
City_55
City_56
City_57
City_58
City_59
City_60
City_61
City_62
City_63
City_64
City_65
City_66
City_67
City_68
City_69
City_70
City_71
City_72
City_73
City_74
City_75
City_76
City_77
City_78
City_79
City_80
City_81
City_82
City_83
City_84
City_85
City_86
City_87
City_88
City_89
City_90
City_91
City_92
City_93
City_94
City_95
City_96
City_97
City_98
City_99
City_100
City_101
City_102
City_103
City_104
City_105
City_106
City_107
City_108
City_109
City_110
City_111
City_112
City_113
City_114
City_115
City_116
City_117
City_118
City_119
City_120
City_121
City_122
City_123
City_124
City_125
City_126
City_127
City_128
City_129
City_130
City_131
City_132
City_133
City_134
City_135
City_136
City_137
City_138
City_139
City_140
City_141
City_142
City_143
City_144
City_145
City_146
City_147
City_148
City_149
City_150
City_151
City_152
City_153
City_154
City_155
City_156
City_157
City_158
City_159
City_160
City_161
City_162
City_163
City_164
City_165
City_166
City_167
City_168
City_169
City_170
City_171
City_172
City_173
City_174
City_175
City_176
City_177
City_178
City_179
City_180
City_181
City_182
City_183
City_184
City_185
City_186
City_187
City_188
City_189
City_190
City_191
City_192
City_193
City_194
City_195
City_196
City_197
City_198
City_199
City_200
City_201
City_202
City_203
City_204
City_205
City_206
City_207
City_208
City_209
City_210
City_211
City_212
City_213
City_214
City_215
City_216
City_217
City_218
City_219
City_220
City_221
City_222
City_223
City_224
City_225
City_226
City_227
City_228
City_229
City_230
City_231
City_232
City_233
City_234
City_235
City_236
City_237
City_238
City_239
City_240
City_241
City_242
City_243
City_244
City_245
City_246
City_247
City_248
City_249
City_250
City_251
City_252
City_253
City_254
City_255
City_256
City_257
City_258
City_259
City_260
City_261
City_262
City_263
City_264
City_265
City_266
City_267
City_268
City_269
City_270
City_271
City_272
City_273
City_274
City_275
City_276
City_277
City_278
City_279
City_280
City_281
City_282
City_283
City_284
City_285
City_286
City_287
City_288
City_289
City_290
City_291
City_292
City_293
City_294
City_295
City_296
City_297
City_298
City_299
City_300
City_301
City_302
City_303
City_304
City_305
City_306
City_307
City_308
City_309
City_310
City_311
City_312
City_313
City_314
City_315
City_316
City_317
City_318
City_319
City_320
City_321
City_322
City_323
City_324
City_325
City_326
City_327
City_328
City_329
City_330
City_331
City_332
City_333
City_334
City_335
City_336
City_337
City_338
City_339
City_340
City_341
City_342
City_343
City_344
City_345
City_346
City_347
City_348
City_349
City_350
City_351
City_352
City_353
City_354
City_355
City_356
City_357
City_358
City_359
City_360
City_361
City_362
City_363
City_364
City_365
City_366
City_367
City_368
City_369
City_370
City_371
City_372
City_373
City_374
City_375
City_376
City_377
City_378
City_379
City_380
City_381
City_382
City_383
City_384
City_385
City_386
City_387
City_388
City_389
City_390
City_391
City_392
City_393
City_394
City_395
City_396
City_397
City_398
City_399
City_400
City_401
City_402
City_403
City_404
City_405
City_406
City_407
City_408
City_409
City_410
City_411
City_412
City_413
City_414
City_415
City_416
City_417
City_418
City_419
City_420
City_421
City_422
City_423
City_424
City_425
City_426
City_427
City_428
City_429
City_430
City_431
City_432
City_433
City_434
City_435
City_436
City_437
City_438
City_439
City_440
City_441
City_442
City_443
City_444
City_445
City_446
City_447
City_448
City_449
City_450
City_451
City_452
City_453
City_454
City_455
City_456
City_457
City_458
City_459
City_460
City_461
City_462
City_463
City_464
City_465
City_466
City_467
City_468
City_469
City_470
City_471
City_472
City_473
City_474
City_475
City_476
City_477
City_478
City_479
City_480
City_481
City_482
City_483
City_484
City_485
City_486
City_487
City_488
City_489
City_490
City_491
City_492
City_493
City_494
City_495
City_496
City_497
City_498
City_499
City_500
City_501
City_502
City_503
City_504
City_505
City_506
City_507
City_508
City_509
City_510
City_511
City_512
City_513
City_514
City_515
City_516
City_517
City_518
City_519
City_520
City_521
City_522
City_523
City_524
City_525
City_526
City_527
City_528
City_529
City_530
City_531
City_532
City_533
City_534
City_535
City_536
City_537
City_538
City_539
City_540
City_541
City_542
City_543
City_544
City_545
City_546
City_547
City_548
City_549
City_550
City_551
City_552
City_553
City_554
City_555
City_556
City_557
City_558
City_559
City_560
City_561
City_562
City_563
City_564
City_565
City_566
City_567
City_568
City_569
City_570
City_571
City_572
City_573
City_574
City_575
City_576
City_577
City_578
City_579
City_580
City_581
City_582
City_583
City_584
City_585
City_586
City_587
City_588
City_589
City_590
City_591
City_592
City_593
City_594
City_595
City_596
City_597
City_598
City_599
City_600
City_601
City_602
City_603
City_604
City_605
City_606
City_607
City_608
City_609
City_610
City_611
City_612
City_613
City_614
City_615
City_616
City_617
City_618
City_619
City_620
City_621
City_622
City_623
City_624
City_625
City_626
City_627
City_628
City_629
City_630
City_631
City_632
City_633
City_634
City_635
City_636
City_637
City_638
City_639
City_640
City_641
City_642
City_643
City_644
City_645
City_646
City_647
City_648
City_649
City_650
City_651
City_652
City_653
City_654
City_655
City_656
City_657
City_658
City_659
City_660
City_661
City_662
City_663
City_664
City_665
City_666
City_667
City_668
City_669
City_670
City_671
City_672
City_673
City_674
City_675
City_676
City_677
City_678
City_679
City_680
City_681
City_682
City_683
City_684
City_685
City_686
City_687
City_688
City_689
City_690
City_691
City_692
City_693
City_694
City_695
City_696
City_697
City_698
City_699
City_700
City_701
City_702
City_703
City_704
City_705
City_706
City_707
City_708
City_709
City_710
City_711
City_712
City_713
City_714
City_715
City_716
City_717
City_718
City_719
City_720
City_721
City_722
City_723
City_724
City_725
City_726
City_727
City_728
City_729
City_730
City_731
City_732
City_733
City_734
City_735
City_736
City_737
City_738
City_739
City_740
City_741
City_742
City_743
City_744
City_745
City_746
City_747
City_748
City_749
City_750
City_751
City_752
City_753
City_754
City_755
City_756
City_757
City_758
City_759
City_760
City_761
City_762
City_763
City_764
City_765
City_766
City_767
City_768
City_769
City_770
City_771
City_772
City_773
City_774
City_775
City_776
City_777
City_778
City_779
City_780
City_781
City_782
City_783
City_784
City_785
City_786
City_787
City_788
City_789
City_790
City_791
City_792
City_793
City_794
City_795
City_796
City_797
City_798
City_799
City_800
City_801
City_802
City_803
City_804
City_805
City_806
City_807
City_808
City_809
City_810
City_811
City_812
City_813
City_814
City_815
City_816
City_817
City_818
City_819
City_820
City_821
City_822
City_823
City_824
City_825
City_826
City_827
City_828
City_829
City_830
City_831
City_832
City_833
City_834
City_835
City_836
City_837
City_838
City_839
City_840
City_841
City_842
City_843
City_844
City_845
City_846
City_847
City_848
City_849
City_850
City_851
City_852
City_853
City_854
City_855
City_856
City_857
City_858
City_859
City_860
City_861
City_862
City_863
City_864
City_865
City_866
City_867
City_868
City_869
City_870
City_871
City_872
City_873
City_874
City_875
City_876
City_877
City_878
City_879
City_880
City_881
City_882
City_883
City_884
City_885
City_886
City_887
City_888
City_889
City_890
City_891
City_892
City_893
City_894
City_895
City_896
City_897
City_898
City_899
City_900
City_901
City_902
City_903
City_904
City_905
City_906
City_907
City_908
City_909
City_910
City_911
City_912
City_913
City_914
City_915
City_916
City_917
City_918
City_919
City_920
City_921
City_922
City_923
City_924
City_925
City_926
City_927
City_928
City_929
City_930
City_931
City_932
City_933
City_934
City_935
City_936
City_937
City_938
City_939
City_940
City_941
City_942
City_943
City_944
City_945
City_946
City_947
City_948
City_949
City_950
City_951
City_952
City_953
City_954
City_955
City_956
City_957
City_958
City_959
City_960
City_961
City_962
City_963
City_964
City_965
City_966
City_967
City_968
City_969
City_970
City_971
City_972
City_973
City_974
City_975
City_976
City_977
City_978
City_979
City_980
City_981
City_982
City_983
City_984
City_985
City_986
City_987
City_988
City_989
City_990
City_991
City_992
City_993
City_994
City_995
City_996
City_997
City_998
City_999
City_1000
0 1 3 0
1 0 3 0
0 32 5 0
32 0 5 0
0 33 8 0
33 0 8 0
1 2 9 0
2 1 9 0
1 33 6 0
33 1 6 0
1 34 10 0
34 1 10 0
1 32 7 0
32 1 7 0
2 3 4 0
3 2 4 0
2 34 8 0
34 2 8 0
2 35 8 0
35 2 8 0
2 33 8 0
33 2 8 0
3 4 7 0
4 3 7 0
3 35 4 0
35 3 4 0
3 36 11 0
36 3 11 0
3 34 7 0
34 3 7 0
4 5 7 0
5 4 7 0
4 36 5 0
36 4 5 0
4 37 6 0
37 4 6 0
4 35 6 1
35 4 6 0
5 6 4 0
6 5 4 0
5 37 4 0
37 5 4 0
5 38 8 0
38 5 8 0
5 36 8 0
36 5 8 0
6 7 8 0
7 6 8 0
6 38 8 0
38 6 8 0
6 39 9 0
39 6 9 0
6 37 8 0
37 6 8 0
7 8 5 0
8 7 5 1
7 39 4 0
39 7 4 0
7 40 9 0
40 7 9 0
7 38 9 0
38 7 9 0
8 9 7 0
9 8 7 0
8 40 8 0
40 8 8 0
8 41 10 0
41 8 10 0
8 39 8 0
39 8 8 0
9 10 5 0
10 9 5 0
9 41 5 0
41 9 5 0
9 42 9 0
42 9 9 0
9 40 11 0
40 9 11 0
10 11 7 1
11 10 7 0
10 42 8 0
42 10 8 0
10 43 10 0
43 10 10 0
10 41 7 0
41 10 7 0
11 12 7 1
12 11 7 0
11 43 6 0
43 11 6 0
11 44 9 0
44 11 9 0
11 42 10 0
42 11 10 0
12 13 3 0
13 12 3 0
12 44 6 0
44 12 6 0
12 45 8 0
45 12 8 0
12 43 8 0
43 12 8 1
13 14 8 0
14 13 8 0
13 45 7 0
45 13 7 0
13 46 10 0
46 13 10 0
13 44 8 0
44 13 8 0
14 15 6 0
15 14 6 0
14 46 7 0
46 14 7 0
14 47 10 0
47 14 10 0
14 45 9 0
45 14 9 0
15 16 5 0
16 15 5 0
15 47 7 0
47 15 7 0
15 48 7 0
48 15 7 0
15 46 7 0
46 15 7 0
16 17 6 0
17 16 6 0
16 48 6 0
48 16 6 0
16 49 10 0
49 16 10 0
16 47 10 0
47 16 10 0
17 18 7 0
18 17 7 0
17 49 8 0
49 17 8 0
17 50 11 0
50 17 11 0
17 48 9 0
48 17 9 0
18 19 7 0
19 18 7 0
18 50 6 0
50 18 6 0
18 51 10 0
51 18 10 0
18 49 10 0
49 18 10 0
19 20 8 0
20 19 8 0
19 51 8 0
51 19 8 0
19 52 7 0
52 19 7 0
19 50 8 0
50 19 8 0
20 21 4 0
21 20 4 0
20 52 5 0
52 20 5 0
20 53 7 0
53 20 7 0
20 51 9 0
51 20 9 0
21 22 6 0
22 21 6 0
21 53 5 0
53 21 5 0
21 54 7 0
54 21 7 0
21 52 8 0
52 21 8 0
22 23 4 0
23 22 4 0
22 54 5 0
54 22 5 0
22 55 8 0
55 22 8 0
22 53 7 0
53 22 7 0
23 24 7 0
24 23 7 0
23 55 6 0
55 23 6 1
23 56 9 0
56 23 9 0
23 54 8 0
54 23 8 0
24 25 8 0
25 24 8 0
24 56 6 0
56 24 6 0
24 57 9 0
57 24 9 0
24 55 9 0
55 24 9 0
25 26 4 0
26 25 4 0
25 57 6 0
57 25 6 1
25 58 9 0
58 25 9 0
25 56 11 0
56 25 11 0
26 27 6 0
27 26 6 0
26 58 7 0
58 26 7 0
26 59 8 0
59 26 8 0
26 57 7 0
57 26 7 0
27 28 8 0
28 27 8 1
27 59 4 0
59 27 4 0
27 60 9 0
60 27 9 0
27 58 7 1
58 27 7 0
28 29 4 0
29 28 4 0
28 60 5 0
60 28 5 0
28 61 8 0
61 28 8 0
28 59 9 0
59 28 9 0
29 30 5 0
30 29 5 0
29 61 5 0
61 29 5 0
29 62 9 0
62 29 9 0
29 60 6 0
60 29 6 0
30 31 9 0
31 30 9 1
30 62 6 0
62 30 6 0
30 63 9 0
63 30 9 0
30 61 8 0
61 30 8 0
31 63 9 0
63 31 9 0
31 62 9 0
62 31 9 0
32 33 8 0
33 32 8 0
32 64 8 0
64 32 8 0
32 65 10 0
65 32 10 0
33 34 5 0
34 33 5 0
33 65 6 0
65 33 6 0
33 66 8 0
66 33 8 0
33 64 11 0
64 33 11 0
34 35 7 0
35 34 7 0
34 66 5 0
66 34 5 0
34 67 9 0
67 34 9 0
34 65 5 0
65 34 5 0
35 36 8 0
36 35 8 0
35 67 7 0
67 35 7 0
35 68 10 0
68 35 10 0
35 66 9 0
66 35 9 0
36 37 4 0
37 36 4 0
36 68 4 0
68 36 4 0
36 69 7 0
69 36 7 0
36 67 8 0
67 36 8 0
37 38 7 0
38 37 7 0
37 69 7 0
69 37 7 0
37 70 9 0
70 37 9 0
37 68 7 0
68 37 7 0
38 39 6 0
39 38 6 0
38 70 6 0
70 38 6 0
38 71 10 0
71 38 10 1
38 69 6 0
69 38 6 0
39 40 7 0
40 39 7 0
39 71 9 0
71 39 9 0
39 72 12 0
72 39 12 0
39 70 10 0
70 39 10 0
40 41 9 0
41 40 9 0
40 72 6 0
72 40 6 0
40 73 8 0
73 40 8 0
40 71 8 0
71 40 8 0
41 42 4 0
42 41 4 0
41 73 7 0
73 41 7 0
41 74 10 0
74 41 10 0
41 72 12 0
72 41 12 0
42 43 7 0
43 42 7 0
42 74 7 0
74 42 7 0
42 75 10 0
75 42 10 0
42 73 6 0
73 42 6 0
43 44 6 0
44 43 6 0
43 75 7 0
75 43 7 0
43 76 8 0
76 43 8 0
43 74 11 0
74 43 11 0
44 45 8 0
45 44 8 0
44 76 3 0
76 44 3 0
44 77 9 0
77 44 9 0
44 75 7 0
75 44 7 0
45 46 6 0
46 45 6 0
45 77 5 0
77 45 5 0
45 78 7 0
78 45 7 0
45 76 8 0
76 45 8 0
46 47 4 0
47 46 4 0
46 78 6 1
78 46 6 0
46 79 9 0
79 46 9 0
46 77 9 1
77 46 9 0
47 48 6 0
48 47 6 0
47 79 5 0
79 47 5 0
47 80 8 0
80 47 8 0
47 78 6 0
78 47 6 0
48 49 6 0
49 48 6 0
48 80 7 0
80 48 7 0
48 81 10 0
81 48 10 0
48 79 8 0
79 48 8 0
49 50 8 0
50 49 8 0
49 81 5 0
81 49 5 0
49 82 8 0
82 49 8 0
49 80 8 0
80 49 8 0
50 51 6 0
51 50 6 0
50 82 7 0
82 50 7 0
50 83 9 0
83 50 9 0
50 81 10 0
81 50 10 0
51 52 5 0
52 51 5 0
51 83 6 0
83 51 6 0
51 84 6 0
84 51 6 0
51 82 9 0
82 51 9 0
52 53 8 0
53 52 8 0
52 84 6 0
84 52 6 0
52 85 11 0
85 52 11 0
52 83 10 0
83 52 10 0
53 54 4 0
54 53 4 0
53 85 7 0
85 53 7 0
53 86 8 0
86 53 8 0
53 84 9 0
84 53 9 0
54 55 7 0
55 54 7 0
54 86 6 0
86 54 6 0
54 87 10 0
87 54 10 0
54 85 7 0
85 54 7 0
55 56 7 0
56 55 7 0
55 87 5 0
87 55 5 0
55 88 10 0
88 55 10 0
55 86 7 0
86 55 7 1
56 57 8 0
57 56 8 0
56 88 7 0
88 56 7 0
56 89 9 0
89 56 9 0
56 87 7 0
87 56 7 0
57 58 5 0
58 57 5 0
57 89 8 0
89 57 8 0
57 90 9 0
90 57 9 0
57 88 11 0
88 57 11 0
58 59 5 0
59 58 5 0
58 90 7 0
90 58 7 0
58 91 8 0
91 58 8 0
58 89 9 0
89 58 9 0
59 60 8 0
60 59 8 0
59 91 6 0
91 59 6 0
59 92 11 0
92 59 11 0
59 90 10 0
90 59 10 0
60 61 5 0
61 60 5 0
60 92 6 0
92 60 6 0
60 93 9 0
93 60 9 0
60 91 8 0
91 60 8 0
61 62 7 0
62 61 7 0
61 93 6 0
93 61 6 0
61 94 6 0
94 61 6 0
61 92 6 0
92 61 6 0
62 63 4 0
63 62 4 0
62 94 6 0
94 62 6 0
62 95 10 0
95 62 10 0
62 93 11 0
93 62 11 0
63 95 6 0
95 63 6 0
63 94 6 0
94 63 6 0
64 65 9 0
65 64 9 0
64 96 6 0
96 64 6 0
64 97 10 0
97 64 10 0
65 66 5 0
66 65 5 0
65 97 8 0
97 65 8 0
65 98 9 0
98 65 9 0
65 96 10 1
96 65 10 0
66 67 7 0
67 66 7 0
66 98 6 0
98 66 6 0
66 99 7 1
99 66 7 0
66 97 8 0
97 66 8 0
67 68 7 0
68 67 7 0
67 99 5 0
99 67 5 0
67 100 10 0
100 67 10 0
67 98 9 0
98 67 9 0
68 69 6 0
69 68 6 0
68 100 9 0
100 68 9 0
68 101 10 0
101 68 10 0
68 99 10 0
99 68 10 0
69 70 3 0
70 69 3 0
69 101 9 0
101 69 9 0
69 102 8 0
102 69 8 0
69 100 11 0
100 69 11 0
70 71 8 0
71 70 8 0
70 102 6 0
102 70 6 0
70 103 11 1
103 70 11 0
70 101 8 0
101 70 8 0
71 72 7 0
72 71 7 0
71 103 6 0
103 71 6 0
71 104 8 0
104 71 8 0
71 102 6 0
102 71 6 0
72 73 7 0
73 72 7 0
72 104 5 0
104 72 5 0
72 105 7 1
105 72 7 0
72 103 8 0
103 72 8 0
73 74 6 0
74 73 6 0
73 105 6 0
105 73 6 0
73 106 8 0
106 73 8 0
73 104 10 0
104 73 10 0
74 75 8 0
75 74 8 0
74 106 4 0
106 74 4 0
74 107 8 0
107 74 8 0
74 105 5 0
105 74 5 0
75 76 5 0
76 75 5 0
75 107 6 0
107 75 6 0
75 108 8 0
108 75 8 0
75 106 10 0
106 75 10 0
76 77 7 0
77 76 7 0
76 108 8 0
108 76 8 0
76 109 10 0
109 76 10 0
76 107 10 0
107 76 10 0
77 78 5 0
78 77 5 0
77 109 7 0
109 77 7 1
77 110 8 0
110 77 8 0
77 108 11 0
108 77 11 0
78 79 6 0
79 78 6 0
78 110 6 0
110 78 6 0
78 111 9 0
111 78 9 0
78 109 10 0
109 78 10 0
79 80 4 0
80 79 4 0
79 111 6 0
111 79 6 0
79 112 8 0
112 79 8 0
79 110 8 0
110 79 8 0
80 81 7 0
81 80 7 0
80 112 7 0
112 80 7 0
80 113 9 1
113 80 9 0
80 111 6 0
111 80 6 0
81 82 5 0
82 81 5 0
81 113 6 0
113 81 6 0
81 114 9 0
114 81 9 0
81 112 9 0
112 81 9 0
82 83 7 0
83 82 7 0
82 114 5 0
114 82 5 0
82 115 10 0
115 82 10 0
82 113 8 0
113 82 8 0
83 84 6 0
84 83 6 0
83 115 5 0
115 83 5 0
83 116 7 0
116 83 7 0
83 114 6 0
114 83 6 0
84 85 8 0
85 84 8 0
84 116 7 0
116 84 7 0
84 117 10 0
117 84 10 0
84 115 8 0
115 84 8 0
85 86 4 0
86 85 4 0
85 117 5 0
117 85 5 0
85 118 8 0
118 85 8 0
85 116 10 0
116 85 10 0
86 87 7 0
87 86 7 0
86 118 8 0
118 86 8 1
86 119 7 0
119 86 7 0
86 117 7 0
117 86 7 0
87 88 7 0
88 87 7 0
87 119 5 0
119 87 5 0
87 120 7 0
120 87 7 0
87 118 10 0
118 87 10 0
88 89 6 0
89 88 6 0
88 120 3 0
120 88 3 1
88 121 6 1
121 88 6 0
88 119 9 1
119 88 9 0
89 90 4 0
90 89 4 0
89 121 5 0
121 89 5 0
89 122 7 0
122 89 7 1
89 120 8 0
120 89 8 0
90 91 7 0
91 90 7 0
90 122 5 0
122 90 5 0
90 123 8 0
123 90 8 0
90 121 8 0
121 90 8 0
91 92 7 0
92 91 7 0
91 123 9 0
123 91 9 0
91 124 10 0
124 91 10 0
91 122 10 0
122 91 10 0
92 93 4 0
93 92 4 0
92 124 8 0
124 92 8 0
92 125 8 0
125 92 8 0
92 123 12 0
123 92 12 0
93 94 6 0
94 93 6 0
93 125 4 0
125 93 4 0
93 126 10 1
126 93 10 0
93 124 8 0
124 93 8 0
94 95 9 0
95 94 9 0
94 126 8 0
126 94 8 0
94 127 12 0
127 94 12 0
94 125 7 0
125 94 7 0
95 127 7 0
127 95 7 0
95 126 9 0
126 95 9 0
96 97 6 0
97 96 6 0
96 128 6 0
128 96 6 0
96 129 10 0
129 96 10 0
97 98 5 0
98 97 5 0
97 129 7 0
129 97 7 0
97 130 8 0
130 97 8 0
97 128 10 1
128 97 10 0
98 99 5 0
99 98 5 0
98 130 7 0
130 98 7 0
98 131 10 0
131 98 10 0
98 129 9 0
129 98 9 0
99 100 8 0
100 99 8 0
99 131 9 0
131 99 9 0
99 132 9 0
132 99 9 0
99 130 10 0
130 99 10 0
100 101 7 0
101 100 7 0
100 132 4 0
132 100 4 0
100 133 7 0
133 100 7 0
100 131 8 0
131 100 8 0
101 102 6 0
102 101 6 0
101 133 4 0
133 101 4 0
101 134 8 0
134 101 8 0
101 132 8 0
132 101 8 0
102 103 6 0
103 102 6 0
102 134 8 0
134 102 8 1
102 135 10 0
135 102 10 0
102 133 10 0
133 102 10 0
103 104 5 0
104 103 5 0
103 135 7 0
135 103 7 1
103 136 10 0
136 103 10 0
103 134 9 0
134 103 9 0
104 105 8 0
105 104 8 0
104 136 8 0
136 104 8 0
104 137 10 0
137 104 10 0
104 135 9 0
135 104 9 0
105 106 3 0
106 105 3 0
105 137 9 0
137 105 9 0
105 138 9 0
138 105 9 0
105 136 11 0
136 105 11 0
106 107 7 0
107 106 7 0
106 138 7 0
138 106 7 0
106 139 8 0
139 106 8 1
106 137 9 0
137 106 9 0
107 108 5 0
108 107 5 0
107 139 6 0
139 107 6 0
107 140 9 0
140 107 9 0
107 138 9 0
138 107 9 0
108 109 6 0
109 108 6 0
108 140 4 1
140 108 4 0
108 141 7 0
141 108 7 0
108 139 8 0
139 108 8 0
109 110 8 0
110 109 8 0
109 141 4 0
141 109 4 0
109 142 7 1
142 109 7 0
109 140 6 0
140 109 6 0
110 111 6 0
111 110 6 0
110 142 6 0
142 110 6 0
110 143 8 0
143 110 8 0
110 141 10 0
141 110 10 1
111 112 4 0
112 111 4 0
111 143 5 0
143 111 5 0
111 144 9 0
144 111 9 0
111 142 9 0
142 111 9 0
112 113 7 1
113 112 7 0
112 144 5 0
144 112 5 0
112 145 10 0
145 112 10 0
112 143 5 0
143 112 5 0
113 114 8 0
114 113 8 0
113 145 5 0
145 113 5 0
113 146 8 0
146 113 8 0
113 144 6 0
144 113 6 0
114 115 6 0
115 114 6 0
114 146 5 0
146 114 5 1
114 147 9 0
147 114 9 0
114 145 9 0
145 114 9 0
115 116 4 0
116 115 4 0
115 147 5 0
147 115 5 0
115 148 8 0
148 115 8 0
115 146 8 0
146 115 8 0
116 117 8 0
117 116 8 0
116 148 8 0
148 116 8 0
116 149 7 0
149 116 7 0
116 147 6 0
147 116 6 0
117 118 5 0
118 117 5 0
117 149 6 0
149 117 6 0
117 150 9 0
150 117 9 0
117 148 12 0
148 117 12 0
118 119 6 0
119 118 6 0
118 150 6 0
150 118 6 0
118 151 8 0
151 118 8 0
118 149 8 0
149 118 8 0
119 120 7 1
120 119 7 1
119 151 7 0
151 119 7 1
119 152 9 0
152 119 9 0
119 150 10 0
150 119 10 0
120 121 5 0
121 120 5 0
120 152 6 1
152 120 6 0
120 153 11 0
153 120 11 0
120 151 8 0
151 120 8 0
121 122 6 0
122 121 6 0
121 153 7 1
153 121 7 0
121 154 8 0
154 121 8 0
121 152 7 0
152 121 7 0
122 123 5 0
123 122 5 0
122 154 6 1
154 122 6 0
122 155 10 0
155 122 10 0
122 153 7 0
153 122 7 0
123 124 7 0
124 123 7 1
123 155 7 0
155 123 7 0
123 156 10 0
156 123 10 0
123 154 7 0
154 123 7 0
124 125 8 0
125 124 8 0
124 156 6 0
156 124 6 0
124 157 7 0
157 124 7 0
124 155 8 0
155 124 8 0
125 126 6 0
126 125 6 0
125 157 8 0
157 125 8 0
125 158 10 0
158 125 10 0
125 156 11 0
156 125 11 0
126 127 5 0
127 126 5 0
126 158 7 0
158 126 7 0
126 159 9 0
159 126 9 0
126 157 10 0
157 126 10 0
127 159 6 0
159 127 6 0
127 158 8 0
158 127 8 0
128 129 8 0
129 128 8 0
128 160 8 0
160 128 8 0
128 161 9 0
161 128 9 0
129 130 5 0
130 129 5 0
129 161 6 0
161 129 6 0
129 162 7 0
162 129 7 0
129 160 10 0
160 129 10 0
130 131 7 0
131 130 7 0
130 162 4 0
162 130 4 0
130 163 8 0
163 130 8 0
130 161 9 0
161 130 9 0
131 132 5 0
132 131 5 0
131 163 4 0
163 131 4 0
131 164 8 0
164 131 8 0
131 162 7 0
162 131 7 0
132 133 6 0
133 132 6 0
132 164 8 0
164 132 8 0
132 165 10 0
165 132 10 0
132 163 8 0
163 132 8 0
133 134 7 0
134 133 7 0
133 165 7 0
165 133 7 0
133 166 8 0
166 133 8 0
133 164 9 0
164 133 9 0
134 135 6 0
135 134 6 0
134 166 6 0
166 134 6 0
134 167 7 0
167 134 7 0
134 165 8 0
165 134 8 0
135 136 7 0
136 135 7 0
135 167 3 0
167 135 3 0
135 168 6 0
168 135 6 0
135 166 10 0
166 135 10 0
136 137 5 0
137 136 5 0
136 168 3 0
168 136 3 0
136 169 6 0
169 136 6 0
136 167 7 0
167 136 7 0
137 138 6 0
138 137 6 0
137 169 5 0
169 137 5 0
137 170 7 0
170 137 7 0
137 168 6 0
168 137 6 0
138 139 4 0
139 138 4 0
138 170 5 0
170 138 5 0
138 171 9 0
171 138 9 0
138 169 9 0
169 138 9 0
139 140 9 0
140 139 9 0
139 171 7 0
171 139 7 0
139 172 8 0
172 139 8 0
139 170 7 0
170 139 7 0
140 141 4 0
141 140 4 0
140 172 7 0
172 140 7 1
140 173 9 0
173 140 9 0
140 171 9 0
171 140 9 0
141 142 7 0
142 141 7 0
141 173 7 0
173 141 7 0
141 174 11 0
174 141 11 0
141 172 8 0
172 141 8 1
142 143 8 0
143 142 8 0
142 174 8 0
174 142 8 0
142 175 10 0
175 142 10 1
142 173 9 0
173 142 9 0
143 144 6 1
144 143 6 0
143 175 7 0
175 143 7 0
143 176 9 0
176 143 9 0
143 174 11 0
174 143 11 0
144 145 6 0
145 144 6 0
144 176 7 0
176 144 7 1
144 177 7 0
177 144 7 0
144 175 9 0
175 144 9 0
145 146 6 0
146 145 6 0
145 177 6 0
177 145 6 1
145 178 8 0
178 145 8 0
145 176 9 1
176 145 9 0
146 147 7 0
147 146 7 0
146 178 7 0
178 146 7 0
146 179 10 0
179 146 10 0
146 177 10 0
177 146 10 1
147 148 4 0
148 147 4 0
147 179 8 0
179 147 8 0
147 180 9 0
180 147 9 0
147 178 9 0
178 147 9 0
148 149 7 1
149 148 7 0
148 180 5 1
180 148 5 0
148 181 8 0
181 148 8 0
148 179 7 0
179 148 7 0
149 150 7 0
150 149 7 0
149 181 8 0
181 149 8 0
149 182 10 0
182 149 10 0
149 180 9 0
180 149 9 0
150 151 8 0
151 150 8 0
150 182 5 0
182 150 5 0
150 183 7 0
183 150 7 0
150 181 7 0
181 150 7 0
151 152 5 0
152 151 5 0
151 183 6 0
183 151 6 0
151 184 9 0
184 151 9 0
151 182 10 0
182 151 10 0
152 153 8 0
153 152 8 0
152 184 8 0
184 152 8 0
152 185 11 0
185 152 11 1
152 183 9 0
183 152 9 0
153 154 4 0
154 153 4 0
153 185 6 0
185 153 6 0
153 186 7 0
186 153 7 0
153 184 11 0
184 153 11 0
154 155 8 0
155 154 8 0
154 186 5 0
186 154 5 0
154 187 9 0
187 154 9 0
154 185 8 0
185 154 8 0
155 156 6 0
156 155 6 0
155 187 4 0
187 155 4 0
155 188 7 0
188 155 7 0
155 186 7 0
186 155 7 0
156 157 4 0
157 156 4 0
156 188 4 0
188 156 4 0
156 189 8 0
189 156 8 0
156 187 9 0
187 156 9 0
157 158 8 0
158 157 8 0
157 189 8 0
189 157 8 0
157 190 9 1
190 157 9 0
157 188 7 0
188 157 7 0
158 159 6 0
159 158 6 0
158 190 3 0
190 158 3 0
158 191 6 0
191 158 6 0
158 189 8 0
189 158 8 0
159 191 4 0
191 159 4 0
159 190 7 0
190 159 7 0
160 161 6 0
161 160 6 0
160 192 5 0
192 160 5 0
160 193 8 0
193 160 8 0
161 162 8 0
162 161 8 0
161 193 6 0
193 161 6 0
161 194 10 0
194 161 10 0
161 192 9 1
192 161 9 0
162 163 6 0
163 162 6 0
162 194 9 0
194 162 9 0
162 195 8 0
195 162 8 0
162 193 10 0
193 162 10 0
163 164 6 0
164 163 6 0
163 195 6 0
195 163 6 0
163 196 8 0
196 163 8 0
163 194 11 0
194 163 11 0
164 165 6 0
165 164 6 0
164 196 4 0
196 164 4 0
164 197 7 0
197 164 7 0
164 195 8 0
195 164 8 0
165 166 3 0
166 165 3 0
165 197 7 0
197 165 7 0
165 198 8 0
198 165 8 0
165 196 9 0
196 165 9 0
166 167 8 0
167 166 8 0
166 198 7 0
198 166 7 0
166 199 11 0
199 166 11 0
166 197 9 0
197 166 9 0
167 168 6 0
168 167 6 0
167 199 8 0
199 167 8 0
167 200 9 0
200 167 9 0
167 198 11 0
198 167 11 1
168 169 5 0
169 168 5 0
168 200 9 0
200 168 9 0
168 201 9 0
201 168 9 0
168 199 10 0
199 168 10 0
169 170 6 0
170 169 6 0
169 201 6 0
201 169 6 0
169 202 10 0
202 169 10 0
169 200 10 0
200 169 10 0
170 171 8 0
171 170 8 0
170 202 7 0
202 170 7 0
170 203 11 0
203 170 11 0
170 201 9 0
201 170 9 0
171 172 3 0
172 171 3 0
171 203 7 0
203 171 7 0
171 204 7 0
204 171 7 0
171 202 9 0
202 171 9 0
172 173 8 0
173 172 8 0
172 204 7 1
204 172 7 0
172 205 10 0
205 172 10 0
172 203 9 0
203 172 9 0
173 174 6 0
174 173 6 0
173 205 6 0
205 173 6 0
173 206 6 0
206 173 6 0
173 204 8 0
204 173 8 0
174 175 7 0
175 174 7 0
174 206 3 1
206 174 3 0
174 207 5 0
207 174 5 0
174 205 9 1
205 174 9 0
175 176 6 0
176 175 6 1
175 207 6 1
207 175 6 0
175 208 9 0
208 175 9 0
175 206 9 0
206 175 9 0
176 177 4 0
177 176 4 0
176 208 6 0
208 176 6 0
176 209 7 0
209 176 7 0
176 207 10 0
207 176 10 0
177 178 8 0
178 177 8 0
177 209 6 0
209 177 6 0
177 210 8 1
210 177 8 1
177 208 8 0
208 177 8 0
178 179 5 0
179 178 5 0
178 210 7 0
210 178 7 0
178 211 8 0
211 178 8 0
178 209 9 0
209 178 9 0
179 180 6 0
180 179 6 0
179 211 5 0
211 179 5 0
179 212 9 0
212 179 9 0
179 210 9 0
210 179 9 0
180 181 5 0
181 180 5 0
180 212 5 0
212 180 5 0
180 213 8 0
213 180 8 1
180 211 8 0
211 180 8 0
181 182 6 0
182 181 6 0
181 213 5 0
213 181 5 1
181 214 8 0
214 181 8 0
181 212 6 0
212 181 6 0
182 183 6 0
183 182 6 0
182 214 6 0
214 182 6 0
182 215 10 0
215 182 10 1
182 213 6 0
213 182 6 0
183 184 6 0
184 183 6 0
183 215 8 0
215 183 8 0
183 216 10 0
216 183 10 0
183 214 10 0
214 183 10 0
184 185 8 0
185 184 8 0
184 216 7 0
216 184 7 0
184 217 9 0
217 184 9 0
184 215 8 0
215 184 8 0
185 186 5 0
186 185 5 0
185 217 4 0
217 185 4 0
185 218 7 0
218 185 7 0
185 216 11 0
216 185 11 1
186 187 5 0
187 186 5 0
186 218 7 0
218 186 7 0
186 219 9 0
219 186 9 0
186 217 7 0
217 186 7 0
187 188 7 0
188 187 7 0
187 219 7 0
219 187 7 0
187 220 10 0
220 187 10 0
187 218 9 0
218 187 9 0
188 189 6 0
189 188 6 1
188 220 8 0
220 188 8 0
188 221 10 0
221 188 10 0
188 219 10 0
219 188 10 0
189 190 6 0
190 189 6 0
189 221 7 0
221 189 7 0
189 222 8 0
222 189 8 0
189 220 8 0
220 189 8 0
190 191 6 0
191 190 6 0
190 222 8 0
222 190 8 0
190 223 10 0
223 190 10 0
190 221 11 0
221 190 11 0
191 223 7 0
223 191 7 0
191 222 9 0
222 191 9 1
192 193 6 0
193 192 6 0
192 224 7 0
224 192 7 0
192 225 8 0
225 192 8 0
193 194 6 0
194 193 6 0
193 225 7 0
225 193 7 0
193 226 9 0
226 193 9 1
193 224 10 0
224 193 10 0
194 195 7 0
195 194 7 0
194 226 4 0
226 194 4 0
194 227 6 0
227 194 6 0
194 225 9 0
225 194 9 1
195 196 6 0
196 195 6 0
195 227 6 0
227 195 6 0
195 228 8 1
228 195 8 0
195 226 8 0
226 195 8 0
196 197 5 0
197 196 5 1
196 228 5 1
228 196 5 0
196 229 9 0
229 196 9 0
196 227 9 0
227 196 9 0
197 198 6 0
198 197 6 0
197 229 6 0
229 197 6 0
197 230 8 0
230 197 8 0
197 228 6 0
228 197 6 0
198 199 8 0
199 198 8 0
198 230 3 0
230 198 3 0
198 231 7 0
231 198 7 0
198 229 8 0
229 198 8 0
199 200 3 0
200 199 3 0
199 231 5 0
231 199 5 0
199 232 7 0
232 199 7 0
199 230 9 0
230 199 9 0
200 201 6 0
201 200 6 0
200 232 4 0
232 200 4 0
200 233 8 0
233 200 8 0
200 231 7 0
231 200 7 0
201 202 8 0
202 201 8 0
201 233 5 0
233 201 5 0
201 234 10 0
234 201 10 0
201 232 6 0
232 201 6 0
202 203 7 0
203 202 7 0
202 234 6 0
234 202 6 0
202 235 8 0
235 202 8 0
202 233 9 0
233 202 9 0
203 204 4 0
204 203 4 0
203 235 4 0
235 203 4 0
203 236 5 0
236 203 5 0
203 234 8 0
234 203 8 0
204 205 6 0
205 204 6 0
204 236 6 0
236 204 6 0
204 237 8 1
237 204 8 0
204 235 7 0
235 204 7 1
205 206 6 0
206 205 6 0
205 237 4 0
237 205 4 0
205 238 7 0
238 205 7 0
205 236 8 0
236 205 8 0
206 207 6 0
207 206 6 0
206 238 6 0
238 206 6 0
206 239 12 1
239 206 12 0
206 237 9 1
237 206 9 0
207 208 9 0
208 207 9 0
207 239 8 0
239 207 8 0
207 240 12 0
240 207 12 0
207 238 8 0
238 207 8 0
208 209 6 0
209 208 6 0
208 240 7 0
240 208 7 0
208 241 7 0
241 208 7 0
208 239 9 0
239 208 9 0
209 210 3 0
210 209 3 0
209 241 7 1
241 209 7 0
209 242 8 0
242 209 8 0
209 240 11 0
240 209 11 0
210 211 8 0
211 210 8 0
210 242 7 0
242 210 7 1
210 243 10 0
243 210 10 0
210 241 8 0
241 210 8 0
211 212 8 0
212 211 8 0
211 243 7 0
243 211 7 0
211 244 9 0
244 211 9 0
211 242 9 0
242 211 9 0
212 213 6 0
213 212 6 0
212 244 7 0
244 212 7 0
212 245 10 0
245 212 10 0
212 243 11 0
243 212 11 0
213 214 3 0
214 213 3 0
213 245 8 0
245 213 8 0
213 246 8 0
246 213 8 0
213 244 11 0
244 213 11 0
214 215 8 0
215 214 8 0
214 246 5 0
246 214 5 0
214 247 9 0
247 214 9 0
214 245 8 0
245 214 8 0
215 216 4 0
216 215 4 0
215 247 6 0
247 215 6 1
215 248 9 0
248 215 9 0
215 246 7 0
246 215 7 0
216 217 9 0
217 216 9 0
216 248 6 0
248 216 6 0
216 249 8 1
249 216 8 0
216 247 8 0
247 216 8 0
217 218 4 0
218 217 4 0
217 249 9 0
249 217 9 0
217 250 10 0
250 217 10 0
217 248 10 0
248 217 10 0
218 219 7 0
219 218 7 0
218 250 6 0
250 218 6 0
218 251 9 0
251 218 9 0
218 249 10 0
249 218 10 0
219 220 7 0
220 219 7 0
219 251 5 0
251 219 5 1
219 252 8 0
252 219 8 0
219 250 7 0
250 219 7 0
220 221 5 0
221 220 5 0
220 252 5 0
252 220 5 0
220 253 8 0
253 220 8 0
220 251 7 0
251 220 7 0
221 222 6 0
222 221 6 0
221 253 6 0
253 221 6 0
221 254 8 0
254 221 8 0
221 252 7 0
252 221 7 0
222 223 6 0
223 222 6 0
222 254 7 0
254 222 7 0
222 255 10 0
255 222 10 0
222 253 10 0
253 222 10 0
223 255 6 0
255 223 6 0
223 254 9 0
254 223 9 0
224 225 6 0
225 224 6 0
224 256 4 0
256 224 4 0
224 257 7 0
257 224 7 0
225 226 8 0
226 225 8 0
225 257 4 0
257 225 4 1
225 258 9 0
258 225 9 0
225 256 7 0
256 225 7 0
226 227 4 0
227 226 4 0
226 258 7 0
258 226 7 0
226 259 9 0
259 226 9 0
226 257 10 0
257 226 10 0
227 228 8 0
228 227 8 0
227 259 7 0
259 227 7 0
227 260 10 0
260 227 10 0
227 258 8 0
258 227 8 0
228 229 6 0
229 228 6 0
228 260 6 0
260 228 6 0
228 261 8 0
261 228 8 0
228 259 9 0
259 228 9 0
229 230 7 0
230 229 7 0
229 261 5 0
261 229 5 0
229 262 8 0
262 229 8 0
229 260 6 0
260 229 6 0
230 231 5 0
231 230 5 0
230 262 9 0
262 230 9 0
230 263 12 0
263 230 12 0
230 261 10 0
261 230 10 0
231 232 8 0
232 231 8 0
231 263 8 0
263 231 8 0
231 264 10 0
264 231 10 0
231 262 10 1
262 231 10 0
232 233 4 0
233 232 4 0
232 264 9 0
264 232 9 0
232 265 7 0
265 232 7 0
232 263 11 1
263 232 11 0
233 234 8 0
234 233 8 0
233 265 5 0
265 233 5 0
233 266 10 0
266 233 10 0
233 264 11 0
264 233 11 0
234 235 6 0
235 234 6 0
234 266 6 0
266 234 6 0
234 267 7 0
267 234 7 0
234 265 8 0
265 234 8 0
235 236 4 0
236 235 4 0
235 267 7 0
267 235 7 0
235 268 7 0
268 235 7 0
235 266 10 0
266 235 10 0
236 237 6 0
237 236 6 0
236 268 6 0
268 236 6 0
236 269 9 0
269 236 9 0
236 267 8 0
267 236 8 0
237 238 6 0
238 237 6 0
237 269 6 0
269 237 6 0
237 270 11 0
270 237 11 0
237 268 9 0
268 237 9 0
238 239 9 0
239 238 9 0
238 270 8 0
270 238 8 0
238 271 10 0
271 238 10 0
238 269 9 0
269 238 9 0
239 240 6 0
240 239 6 0
239 271 7 0
271 239 7 0
239 272 9 0
272 239 9 0
239 270 8 0
270 239 8 0
240 241 5 0
241 240 5 0
240 272 5 0
272 240 5 0
240 273 5 0
273 240 5 0
240 271 10 0
271 240 10 0
241 242 6 0
242 241 6 0
241 273 4 0
273 241 4 0
241 274 8 0
274 241 8 0
241 272 8 0
272 241 8 0
242 243 6 0
243 242 6 0
242 274 5 0
274 242 5 0
242 275 9 0
275 242 9 0
242 273 8 0
273 242 8 1
243 244 7 0
244 243 7 0
243 275 5 0
275 243 5 0
243 276 11 0
276 243 11 0
243 274 7 0
274 243 7 0
244 245 8 0
245 244 8 0
244 276 6 0
276 244 6 0
244 277 9 0
277 244 9 0
244 275 6 0
275 244 6 0
245 246 6 0
246 245 6 0
245 277 7 0
277 245 7 0
245 278 7 0
278 245 7 0
245 276 8 0
276 245 8 0
246 247 5 0
247 246 5 0
246 278 9 0
278 246 9 0
246 279 9 0
279 246 9 0
246 277 12 0
277 246 12 0
247 248 8 0
248 247 8 0
247 279 5 0
279 247 5 0
247 280 9 0
280 247 9 0
247 278 8 0
278 247 8 0
248 249 3 0
249 248 3 0
248 280 6 0
280 248 6 0
248 281 6 0
281 248 6 0
248 279 9 0
279 248 9 0
249 250 9 0
250 249 9 0
249 281 4 0
281 249 4 0
249 282 10 0
282 249 10 0
249 280 7 1
280 249 7 0
250 251 6 0
251 250 6 0
250 282 7 0
282 250 7 0
250 283 5 0
283 250 5 0
250 281 10 0
281 250 10 0
251 252 5 0
252 251 5 0
251 283 6 0
283 251 6 0
251 284 10 0
284 251 10 0
251 282 10 0
282 251 10 0
252 253 6 0
253 252 6 0
252 284 8 0
284 252 8 0
252 285 9 0
285 252 9 0
252 283 9 0
283 252 9 0
253 254 7 0
254 253 7 0
253 285 5 1
285 253 5 0
253 286 6 0
286 253 6 1
253 284 7 0
284 253 7 0
254 255 8 1
255 254 8 0
254 286 3 0
286 254 3 0
254 287 9 0
287 254 9 0
254 285 9 0
285 254 9 0
255 287 7 0
287 255 7 0
255 286 10 1
286 255 10 0
256 257 5 0
257 256 5 0
256 288 7 0
288 256 7 0
256 289 10 0
289 256 10 0
257 258 7 0
258 257 7 0
257 289 8 0
289 257 8 0
257 290 10 0
290 257 10 0
257 288 9 0
288 257 9 0
258 259 7 0
259 258 7 0
258 290 5 0
290 258 5 0
258 291 9 0
291 258 9 0
258 289 7 1
289 258 7 0
259 260 6 0
260 259 6 0
259 291 6 0
291 259 6 0
259 292 10 0
292 259 10 0
259 290 9 0
290 259 9 0
260 261 4 0
261 260 4 0
260 292 9 0
292 260 9 1
260 293 10 0
293 260 10 0
260 291 9 0
291 260 9 0
261 262 6 0
262 261 6 0
261 293 7 0
293 261 7 0
261 294 11 0
294 261 11 0
261 292 9 0
292 261 9 0
262 263 9 0
263 262 9 0
262 294 6 0
294 262 6 0
262 295 8 0
295 262 8 0
262 293 5 0
293 262 5 0
263 264 3 0
264 263 3 0
263 295 4 0
295 263 4 0
263 296 8 0
296 263 8 0
263 294 10 0
294 263 10 1
264 265 8 0
265 264 8 0
264 296 6 0
296 264 6 0
264 297 10 0
297 264 10 0
264 295 6 0
295 264 6 1
265 266 7 0
266 265 7 0
265 297 9 0
297 265 9 0
265 298 11 0
298 265 11 0
265 296 11 0
296 265 11 0
266 267 6 0
267 266 6 0
266 298 6 0
298 266 6 0
266 299 9 0
299 266 9 0
266 297 10 0
297 266 10 0
267 268 4 0
268 267 4 0
267 299 8 0
299 267 8 0
267 300 9 0
300 267 9 0
267 298 8 0
298 267 8 0
268 269 6 0
269 268 6 0
268 300 9 0
300 268 9 0
268 301 9 0
301 268 9 0
268 299 10 0
299 268 10 0
269 270 9 0
270 269 9 0
269 301 5 0
301 269 5 0
269 302 10 0
302 269 10 0
269 300 10 0
300 269 10 0
270 271 3 0
271 270 3 0
270 302 5 0
302 270 5 0
270 303 7 0
303 270 7 0
270 301 9 0
301 270 9 0
271 272 9 0
272 271 9 1
271 303 5 0
303 271 5 0
271 304 9 0
304 271 9 0
271 302 5 0
302 271 5 0
272 273 5 0
273 272 5 0
272 304 7 0
304 272 7 0
272 305 8 0
305 272 8 0
272 303 7 0
303 272 7 0
273 274 6 0
274 273 6 0
273 305 7 0
305 273 7 0
273 306 10 0
306 273 10 0
273 304 11 0
304 273 11 0
274 275 8 0
275 274 8 0
274 306 6 0
306 274 6 0
274 307 9 0
307 274 9 0
274 305 7 0
305 274 7 1
275 276 7 0
276 275 7 0
275 307 7 0
307 275 7 0
275 308 8 0
308 275 8 0
275 306 9 0
306 275 9 0
276 277 3 0
277 276 3 0
276 308 6 0
308 276 6 0
276 309 8 0
309 276 8 0
276 307 9 0
307 276 9 0
277 278 7 0
278 277 7 0
277 309 5 0
309 277 5 0
277 310 10 0
310 277 10 0
277 308 7 0
308 277 7 0
278 279 6 0
279 278 6 0
278 310 6 0
310 278 6 0
278 311 10 0
311 278 10 0
278 309 7 0
309 278 7 0
279 280 6 0
280 279 6 0
279 311 6 0
311 279 6 0
279 312 9 0
312 279 9 0
279 310 8 0
310 279 8 0
280 281 5 0
281 280 5 0
280 312 7 0
312 280 7 0
280 313 9 0
313 280 9 0
280 311 8 0
311 280 8 0
281 282 8 1
282 281 8 0
281 313 8 0
313 281 8 0
281 314 9 1
314 281 9 0
281 312 9 0
312 281 9 0
282 283 5 0
283 282 5 0
282 314 4 0
314 282 4 0
282 315 8 0
315 282 8 0
282 313 9 0
313 282 9 0
283 284 9 0
284 283 9 0
283 315 9 0
315 283 9 0
283 316 12 0
316 283 12 0
283 314 9 0
314 283 9 0
284 285 4 0
285 284 4 0
284 316 5 0
316 284 5 0
284 317 5 0
317 284 5 0
284 315 11 0
315 284 11 0
285 286 6 0
286 285 6 0
285 317 4 0
317 285 4 0
285 318 7 0
318 285 7 0
285 316 7 0
316 285 7 0
286 287 8 0
287 286 8 0
286 318 6 0
318 286 6 0
286 319 9 0
319 286 9 0
286 317 9 0
317 286 9 0
287 319 3 0
319 287 3 0
287 318 8 0
318 287 8 0
288 289 7 0
289 288 7 0
288 320 5 0
320 288 5 0
288 321 7 0
321 288 7 0
289 290 5 0
290 289 5 0
289 321 6 0
321 289 6 0
289 322 7 1
322 289 7 0
289 320 10 0
320 289 10 0
290 291 7 0
291 290 7 0
290 322 5 0
322 290 5 0
290 323 9 0
323 290 9 0
290 321 9 0
321 290 9 0
291 292 7 0
292 291 7 0
291 323 7 0
323 291 7 0
291 324 8 0
324 291 8 0
291 322 8 0
322 291 8 0
292 293 7 1
293 292 7 0
292 324 6 0
324 292 6 0
292 325 7 0
325 292 7 0
292 323 10 0
323 292 10 0
293 294 4 0
294 293 4 0
293 325 7 0
325 293 7 0
293 326 8 0
326 293 8 0
293 324 11 0
324 293 11 0
294 295 6 1
295 294 6 0
294 326 5 0
326 294 5 0
294 327 8 0
327 294 8 0
294 325 8 0
325 294 8 0
295 296 7 0
296 295 7 0
295 327 7 0
327 295 7 0
295 328 10 0
328 295 10 0
295 326 10 0
326 295 10 0
296 297 6 0
297 296 6 0
296 328 5 0
328 296 5 0
296 329 7 0
329 296 7 0
296 327 8 0
327 296 8 0
297 298 8 0
298 297 8 0
297 329 4 0
329 297 4 0
297 330 8 0
330 297 8 0
297 328 6 0
328 297 6 0
298 299 4 0
299 298 4 0
298 330 8 0
330 298 8 0
298 331 8 0
331 298 8 0
298 329 10 0
329 298 10 0
299 300 6 0
300 299 6 0
299 331 5 0
331 299 5 0
299 332 10 0
332 299 10 0
299 330 9 0
330 299 9 0
300 301 7 0
301 300 7 0
300 332 6 0
332 300 6 0
300 333 8 0
333 300 8 0
300 331 5 0
331 300 5 0
301 302 8 0
302 301 8 0
301 333 7 0
333 301 7 0
301 334 12 0
334 301 12 0
301 332 9 0
332 301 9 0
302 303 6 0
303 302 6 0
302 334 9 0
334 302 9 0
302 335 8 0
335 302 8 0
302 333 10 1
333 302 10 0
303 304 4 0
304 303 4 0
303 335 8 0
335 303 8 0
303 336 8 0
336 303 8 0
303 334 11 0
334 303 11 0
304 305 9 0
305 304 9 0
304 336 4 0
336 304 4 0
304 337 9 0
337 304 9 0
304 335 7 0
335 304 7 0
305 306 5 0
306 305 5 0
305 337 6 1
337 305 6 1
305 338 9 0
338 305 9 0
305 336 11 1
336 305 11 0
306 307 5 0
307 306 5 0
306 338 6 0
338 306 6 0
306 339 9 0
339 306 9 0
306 337 8 0
337 306 8 0
307 308 4 0
308 307 4 0
307 339 8 0
339 307 8 0
307 340 10 0
340 307 10 0
307 338 8 0
338 307 8 0
308 309 8 0
309 308 8 0
308 340 9 0
340 308 9 0
308 341 12 0
341 308 12 0
308 339 10 0
339 308 10 0
309 310 7 0
310 309 7 0
309 341 7 0
341 309 7 0
309 342 10 1
342 309 10 0
309 340 9 0
340 309 9 0
310 311 6 0
311 310 6 0
310 342 7 0
342 310 7 0
310 343 7 0
343 310 7 0
310 341 9 0
341 310 9 0
311 312 5 0
312 311 5 0
311 343 5 0
343 311 5 0
311 344 8 1
344 311 8 0
311 342 10 0
342 311 10 0
312 313 5 0
313 312 5 0
312 344 5 0
344 312 5 0
312 345 7 0
345 312 7 0
312 343 7 0
343 312 7 0
313 314 6 0
314 313 6 0
313 345 4 0
345 313 4 0
313 346 10 0
346 313 10 0
313 344 6 0
344 313 6 1
314 315 6 0
315 314 6 0
314 346 8 0
346 314 8 1
314 347 9 0
347 314 9 1
314 345 9 0
345 314 9 0
315 316 8 0
316 315 8 0
315 347 4 1
347 315 4 0
315 348 8 0
348 315 8 0
315 346 6 0
346 315 6 0
316 317 4 0
317 316 4 0
316 348 6 0
348 316 6 0
316 349 7 0
349 316 7 0
316 347 7 0
347 316 7 0
317 318 7 1
318 317 7 0
317 349 8 0
349 317 8 0
317 350 9 0
350 317 9 0
317 348 10 0
348 317 10 0
318 319 6 0
319 318 6 0
318 350 7 0
350 318 7 0
318 351 11 0
351 318 11 0
318 349 11 0
349 318 11 1
319 351 9 0
351 319 9 0
319 350 10 0
350 319 10 0
320 321 6 0
321 320 6 1
320 352 6 0
352 320 6 0
320 353 9 0
353 320 9 0
321 322 8 0
322 321 8 0
321 353 7 0
353 321 7 0
321 354 10 0
354 321 10 0
321 352 8 0
352 321 8 0
322 323 4 0
323 322 4 0
322 354 7 0
354 322 7 0
322 355 8 0
355 322 8 0
322 353 11 0
353 322 11 0
323 324 7 0
324 323 7 0
323 355 5 0
355 323 5 0
323 356 9 0
356 323 9 0
323 354 6 0
354 323 6 0
324 325 6 0
325 324 6 0
324 356 7 0
356 324 7 0
324 357 11 0
357 324 11 0
324 355 7 0
355 324 7 0
325 326 5 0
326 325 5 0
325 357 8 0
357 325 8 0
325 358 9 0
358 325 9 0
325 356 10 0
356 325 10 0
326 327 7 0
327 326 7 0
326 358 7 0
358 326 7 0
326 359 10 0
359 326 10 0
326 357 8 0
357 326 8 0
327 328 8 0
328 327 8 1
327 359 5 0
359 327 5 0
327 360 8 0
360 327 8 0
327 358 9 0
358 327 9 0
328 329 4 0
329 328 4 0
328 360 8 0
360 328 8 1
328 361 8 0
361 328 8 1
328 359 9 0
359 328 9 0
329 330 5 0
330 329 5 0
329 361 6 0
361 329 6 1
329 362 9 0
362 329 9 0
329 360 10 0
360 329 10 1
330 331 10 0
331 330 10 0
330 362 5 0
362 330 5 0
330 363 10 0
363 330 10 0
330 361 7 0
361 330 7 0
331 332 6 0
332 331 6 0
331 363 7 0
363 331 7 0
331 364 7 0
364 331 7 0
331 362 10 0
362 331 10 0
332 333 4 0
333 332 4 0
332 364 6 0
364 332 6 0
332 365 5 0
365 332 5 0
332 363 8 0
363 332 8 0
333 334 8 0
334 333 8 0
333 365 5 0
365 333 5 0
333 366 9 0
366 333 9 0
333 364 10 0
364 333 10 0
334 335 3 0
335 334 3 0
334 366 6 1
366 334 6 0
334 367 5 1
367 334 5 0
334 365 9 0
365 334 9 0
335 336 7 0
336 335 7 0
335 367 6 0
367 335 6 0
335 368 10 0
368 335 10 0
335 366 9 0
366 335 9 0
336 337 7 1
337 336 7 0
336 368 6 0
368 336 6 0
336 369 10 0
369 336 10 0
336 367 9 0
367 336 9 0
337 338 7 0
338 337 7 0
337 369 8 0
369 337 8 0
337 370 11 0
370 337 11 0
337 368 10 0
368 337 10 0
338 339 3 0
339 338 3 0
338 370 8 0
370 338 8 0
338 371 8 0
371 338 8 0
338 369 9 0
369 338 9 0
339 340 9 0
340 339 9 0
339 371 5 0
371 339 5 0
339 372 10 0
372 339 10 0
339 370 7 0
370 339 7 1
340 341 7 0
341 340 7 0
340 372 5 0
372 340 5 0
340 373 7 0
373 340 7 0
340 371 9 0
371 340 9 0
341 342 6 0
342 341 6 0
341 373 6 0
373 341 6 1
341 374 6 1
374 341 6 0
341 372 9 0
372 341 9 0
342 343 6 0
343 342 6 0
342 374 3 0
374 342 3 0
342 375 4 0
375 342 4 0
342 373 9 0
373 342 9 0
343 344 6 0
344 343 6 0
343 375 6 0
375 343 6 0
343 376 9 0
376 343 9 0
343 374 9 0
374 343 9 0
344 345 4 0
345 344 4 0
344 376 6 0
376 344 6 0
344 377 8 0
377 344 8 0
344 375 10 0
375 344 10 0
345 346 8 0
346 345 8 1
345 377 7 0
377 345 7 0
345 378 9 0
378 345 9 0
345 376 6 0
376 345 6 0
346 347 6 0
347 346 6 0
346 378 5 0
378 346 5 0
346 379 9 0
379 346 9 1
346 377 9 0
377 346 9 0
347 348 4 0
348 347 4 0
347 379 8 1
379 347 8 0
347 380 9 0
380 347 9 0
347 378 10 0
378 347 10 1
348 349 6 0
349 348 6 0
348 380 6 0
380 348 6 0
348 381 11 0
381 348 11 0
348 379 7 0
379 348 7 0
349 350 6 0
350 349 6 0
349 381 7 0
381 349 7 0
349 382 10 0
382 349 10 0
349 380 7 0
380 349 7 0
350 351 7 0
351 350 7 0
350 382 8 0
382 350 8 0
350 383 11 1
383 350 11 0
350 381 9 0
381 350 9 0
351 383 6 0
383 351 6 0
351 382 7 0
382 351 7 0
352 353 6 0
353 352 6 0
352 384 7 0
384 352 7 0
352 385 8 0
385 352 8 0
353 354 9 0
354 353 9 0
353 385 5 0
385 353 5 0
353 386 8 0
386 353 8 0
353 384 8 0
384 353 8 0
354 355 5 0
355 354 5 0
354 386 6 0
386 354 6 0
354 387 9 0
387 354 9 0
354 385 10 0
385 354 10 0
355 356 5 0
356 355 5 0
355 387 7 0
387 355 7 0
355 388 10 0
388 355 10 0
355 386 9 0
386 355 9 0
356 357 9 0
357 356 9 0
356 388 6 0
388 356 6 0
356 389 7 0
389 356 7 0
356 387 5 0
387 356 5 0
357 358 4 0
358 357 4 0
357 389 5 0
389 357 5 0
357 390 9 0
390 357 9 0
357 388 8 0
388 357 8 0
358 359 8 0
359 358 8 0
358 390 7 0
390 358 7 0
358 391 9 0
391 358 9 0
358 389 8 0
389 358 8 0
359 360 4 0
360 359 4 0
359 391 5 0
391 359 5 0
359 392 8 0
392 359 8 0
359 390 9 1
390 359 9 0
360 361 7 0
361 360 7 0
360 392 6 0
392 360 6 0
360 393 10 0
393 360 10 0
360 391 5 0
391 360 5 0
361 362 8 0
362 361 8 0
361 393 5 0
393 361 5 0
361 394 10 0
394 361 10 1
361 392 8 0
392 361 8 0
362 363 7 0
363 362 7 0
362 394 8 0
394 362 8 0
362 395 8 0
395 362 8 0
362 393 7 0
393 362 7 0
363 364 3 0
364 363 3 0
363 395 5 0
395 363 5 0
363 396 8 0
396 363 8 0
363 394 11 0
394 363 11 0
364 365 7 0
365 364 7 0
364 396 7 0
396 364 7 0
364 397 11 0
397 364 11 0
364 395 6 1
395 364 6 0
365 366 7 0
366 365 7 1
365 397 9 0
397 365 9 0
365 398 10 0
398 365 10 0
365 396 9 0
396 365 9 0
366 367 6 0
367 366 6 0
366 398 6 0
398 366 6 0
366 399 9 0
399 366 9 0
366 397 8 0
397 366 8 0
367 368 7 0
368 367 7 0
367 399 7 0
399 367 7 0
367 400 10 0
400 367 10 0
367 398 10 0
398 367 10 0
368 369 6 0
369 368 6 0
368 400 8 0
400 368 8 0
368 401 10 0
401 368 10 0
368 399 9 0
399 368 9 1
369 370 6 0
370 369 6 0
369 401 6 0
401 369 6 0
369 402 8 0
402 369 8 0
369 400 11 0
400 369 11 0
370 371 5 0
371 370 5 0
370 402 3 0
402 370 3 0
370 403 8 0
403 370 8 0
370 401 7 0
401 370 7 1
371 372 7 0
372 371 7 0
371 403 5 0
403 371 5 0
371 404 9 0
404 371 9 0
371 402 6 0
402 371 6 0
372 373 5 1
373 372 5 0
372 404 7 0
404 372 7 0
372 405 7 0
405 372 7 0
372 403 7 0
403 372 7 0
373 374 7 0
374 373 7 0
373 405 4 0
405 373 4 0
373 406 7 0
406 373 7 0
373 404 9 0
404 373 9 0
374 375 4 0
375 374 4 0
374 406 6 0
406 374 6 0
374 407 8 0
407 374 8 0
374 405 8 0
405 374 8 0
375 376 9 0
376 375 9 0
375 407 6 0
407 375 6 0
375 408 10 0
408 375 10 0
375 406 8 0
406 375 8 0
376 377 4 0
377 376 4 1
376 408 8 0
408 376 8 0
376 409 9 0
409 376 9 1
376 407 10 0
407 376 10 0
377 378 7 0
378 377 7 0
377 409 6 0
409 377 6 0
377 410 8 0
410 377 8 0
377 408 9 0
408 377 9 0
378 379 8 0
379 378 8 0
378 410 5 1
410 378 5 0
378 411 10 0
411 378 10 0
378 409 9 0
409 378 9 0
379 380 5 0
380 379 5 0
379 411 6 0
411 379 6 0
379 412 8 0
412 379 8 0
379 410 9 0
410 379 9 0
380 381 7 0
381 380 7 0
380 412 6 0
412 380 6 0
380 413 8 0
413 380 8 0
380 411 9 0
411 380 9 0
381 382 6 0
382 381 6 0
381 413 5 0
413 381 5 0
381 414 7 0
414 381 7 0
381 412 7 0
412 381 7 0
382 383 6 0
383 382 6 0
382 414 7 1
414 382 7 0
382 415 8 0
415 382 8 0
382 413 9 0
413 382 9 0
383 415 4 1
415 383 4 0
383 414 10 0
414 383 10 0
384 385 6 0
385 384 6 0
384 416 6 0
416 384 6 0
384 417 9 0
417 384 9 0
385 386 6 0
386 385 6 0
385 417 8 0
417 385 8 0
385 418 8 0
418 385 8 0
385 416 9 0
416 385 9 0
386 387 9 0
387 386 9 0
386 418 5 0
418 386 5 0
386 419 9 0
419 386 9 0
386 417 10 0
417 386 10 0
387 388 6 0
388 387 6 0
387 419 8 0
419 387 8 0
387 420 9 0
420 387 9 0
387 418 10 0
418 387 10 0
388 389 3 0
389 388 3 0
388 420 6 0
420 388 6 0
388 421 7 0
421 388 7 0
388 419 11 0
419 388 11 0
389 390 10 0
390 389 10 0
389 421 7 0
421 389 7 0
389 422 10 0
422 389 10 0
389 420 9 0
420 389 9 0
390 391 6 0
391 390 6 0
390 422 5 0
422 390 5 0
390 423 7 0
423 390 7 0
390 421 9 0
421 390 9 0
391 392 4 0
392 391 4 0
391 423 9 0
423 391 9 0
391 424 9 1
424 391 9 0
391 422 11 0
422 391 11 0
392 393 9 0
393 392 9 0
392 424 6 1
424 392 6 0
392 425 10 0
425 392 10 0
392 423 8 0
423 392 8 0
393 394 5 0
394 393 5 0
393 425 8 0
425 393 8 0
393 426 9 0
426 393 9 0
393 424 12 0
424 393 12 0
394 395 8 0
395 394 8 0
394 426 4 1
426 394 4 0
394 427 9 0
427 394 9 0
394 425 6 0
425 394 6 0
395 396 6 0
396 395 6 0
395 427 7 1
427 395 7 0
395 428 9 0
428 395 9 0
395 426 9 0
426 395 9 0
396 397 5 0
397 396 5 0
396 428 5 0
428 396 5 0
396 429 8 0
429 396 8 0
396 427 8 0
427 396 8 0
397 398 5 0
398 397 5 0
397 429 4 0
429 397 4 0
397 430 6 0
430 397 6 0
397 428 7 0
428 397 7 0
398 399 8 0
399 398 8 0
398 430 4 1
430 398 4 0
398 431 10 0
431 398 10 0
398 429 6 0
429 398 6 0
399 400 4 1
400 399 4 0
399 431 6 0
431 399 6 0
399 432 6 0
432 399 6 0
399 430 9 0
430 399 9 0
400 401 9 0
401 400 9 0
400 432 3 0
432 400 3 0
400 433 7 0
433 400 7 0
400 431 6 0
431 400 6 0
401 402 6 0
402 401 6 0
401 433 6 0
433 401 6 0
401 434 7 0
434 401 7 0
401 432 9 0
432 401 9 0
402 403 6 0
403 402 6 1
402 434 7 0
434 402 7 1
402 435 7 0
435 402 7 0
402 433 11 0
433 402 11 0
403 404 5 0
404 403 5 0
403 435 6 0
435 403 6 0
403 436 10 0
436 403 10 1
403 434 9 0
434 403 9 0
404 405 7 0
405 404 7 0
404 436 6 0
436 404 6 0
404 437 9 0
437 404 9 0
404 435 8 0
435 404 8 0
405 406 5 0
406 405 5 0
405 437 7 0
437 405 7 0
405 438 12 0
438 405 12 0
405 436 9 0
436 405 9 0
406 407 7 0
407 406 7 0
406 438 9 1
438 406 9 0
406 439 11 0
439 406 11 0
406 437 8 0
437 406 8 0
407 408 5 1
408 407 5 1
407 439 9 0
439 407 9 1
407 440 8 0
440 407 8 0
407 438 10 0
438 407 10 0
408 409 7 0
409 408 7 0
408 440 5 0
440 408 5 0
408 441 8 0
441 408 8 0
408 439 9 0
439 408 9 0
409 410 6 0
410 409 6 0
409 441 4 0
441 409 4 0
409 442 8 0
442 409 8 0
409 440 9 1
440 409 9 0
410 411 7 0
411 410 7 0
410 442 6 0
442 410 6 0
410 443 10 0
443 410 10 0
410 441 9 0
441 410 9 0
411 412 7 0
412 411 7 1
411 443 6 0
443 411 6 0
411 444 7 1
444 411 7 0
411 442 8 0
442 411 8 0
412 413 4 0
413 412 4 0
412 444 6 0
444 412 6 0
412 445 6 0
445 412 6 0
412 443 10 0
443 412 10 0
413 414 5 0
414 413 5 0
413 445 5 0
445 413 5 0
413 446 8 0
446 413 8 0
413 444 8 0
444 413 8 0
414 415 9 0
415 414 9 0
414 446 4 1
446 414 4 1
414 447 9 0
447 414 9 0
414 445 7 0
445 414 7 0
415 447 7 0
447 415 7 0
415 446 10 0
446 415 10 0
416 417 7 0
417 416 7 0
416 448 6 0
448 416 6 0
416 449 9 0
449 416 9 0
417 418 6 0
418 417 6 0
417 449 5 0
449 417 5 0
417 450 9 0
450 417 9 0
417 448 7 1
448 417 7 0
418 419 6 0
419 418 6 0
418 450 8 0
450 418 8 0
418 451 8 0
451 418 8 0
418 449 9 0
449 418 9 0
419 420 8 0
420 419 8 1
419 451 5 0
451 419 5 0
419 452 11 0
452 419 11 0
419 450 7 0
450 419 7 0
420 421 5 0
421 420 5 0
420 452 7 0
452 420 7 1
420 453 7 0
453 420 7 0
420 451 9 0
451 420 9 0
421 422 6 0
422 421 6 0
421 453 5 0
453 421 5 0
421 454 8 0
454 421 8 0
421 452 9 0
452 421 9 0
422 423 7 0
423 422 7 0
422 454 7 0
454 422 7 0
422 455 9 0
455 422 9 0
422 453 8 0
453 422 8 0
423 424 5 0
424 423 5 0
423 455 6 0
455 423 6 0
423 456 9 0
456 423 9 0
423 454 9 0
454 423 9 0
424 425 9 0
425 424 9 0
424 456 5 0
456 424 5 0
424 457 9 0
457 424 9 0
424 455 9 1
455 424 9 0
425 426 6 0
426 425 6 0
425 457 6 0
457 425 6 0
425 458 6 0
458 425 6 0
425 456 7 0
456 425 7 0
426 427 6 0
427 426 6 0
426 458 5 0
458 426 5 0
426 459 7 0
459 426 7 0
426 457 9 0
457 426 9 0
427 428 6 0
428 427 6 0
427 459 6 0
459 427 6 0
427 460 9 0
460 427 9 0
427 458 9 1
458 427 9 0
428 429 6 0
429 428 6 0
428 460 7 0
460 428 7 0
428 461 8 0
461 428 8 0
428 459 10 0
459 428 10 1
429 430 5 0
430 429 5 0
429 461 5 0
461 429 5 0
429 462 8 0
462 429 8 0
429 460 9 0
460 429 9 0
430 431 8 0
431 430 8 0
430 462 5 0
462 430 5 0
430 463 8 0
463 430 8 0
430 461 7 0
461 430 7 0
431 432 5 0
432 431 5 0
431 463 6 0
463 431 6 0
431 464 7 0
464 431 7 0
431 462 8 0
462 431 8 0
432 433 5 0
433 432 5 0
432 464 8 0
464 432 8 0
432 465 9 0
465 432 9 0
432 463 10 0
463 432 10 0
433 434 8 0
434 433 8 0
433 465 5 0
465 433 5 0
433 466 9 0
466 433 9 1
433 464 8 0
464 433 8 0
434 435 4 0
435 434 4 0
434 466 6 0
466 434 6 0
434 467 8 0
467 434 8 0
434 465 9 0
465 434 9 0
435 436 9 0
436 435 9 0
435 467 8 0
467 435 8 0
435 468 11 1
468 435 11 0
435 466 8 0
466 435 8 1
436 437 5 0
437 436 5 0
436 468 6 0
468 436 6 0
436 469 6 0
469 436 6 0
436 467 11 0
467 436 11 0
437 438 7 0
438 437 7 0
437 469 5 0
469 437 5 0
437 470 9 0
470 437 9 0
437 468 9 0
468 437 9 0
438 439 4 0
439 438 4 0
438 470 3 1
470 438 3 0
438 471 7 0
471 438 7 0
438 469 9 0
469 438 9 0
439 440 5 0
440 439 5 0
439 471 6 0
471 439 6 0
439 472 9 0
472 439 9 0
439 470 5 0
470 439 5 0
440 441 7 0
441 440 7 0
440 472 8 0
472 440 8 0
440 473 9 0
473 440 9 0
440 471 10 0
471 440 10 0
441 442 7 0
442 441 7 1
441 473 6 0
473 441 6 0
441 474 10 0
474 441 10 0
441 472 9 0
472 441 9 0
442 443 6 0
443 442 6 0
442 474 7 0
474 442 7 0
442 475 9 0
475 442 9 0
442 473 9 0
473 442 9 0
443 444 6 0
444 443 6 1
443 475 5 1
475 443 5 0
443 476 7 0
476 443 7 0
443 474 7 0
474 443 7 0
444 445 5 0
445 444 5 0
444 476 6 0
476 444 6 0
444 477 9 0
477 444 9 0
444 475 9 0
475 444 9 0
445 446 6 0
446 445 6 0
445 477 7 0
477 445 7 0
445 478 10 0
478 445 10 0
445 476 9 0
476 445 9 0
446 447 7 0
447 446 7 0
446 478 7 0
478 446 7 0
446 479 9 1
479 446 9 0
446 477 7 0
477 446 7 0
447 479 5 0
479 447 5 0
447 478 9 0
478 447 9 0
448 449 6 0
449 448 6 0
448 480 5 0
480 448 5 0
448 481 7 0
481 448 7 0
449 450 6 0
450 449 6 0
449 481 5 0
481 449 5 0
449 482 8 0
482 449 8 0
449 480 9 0
480 449 9 0
450 451 4 0
451 450 4 0
450 482 5 0
482 450 5 0
450 483 9 1
483 450 9 0
450 481 8 0
481 450 8 0
451 452 9 0
452 451 9 0
451 483 9 0
483 451 9 0
451 484 11 1
484 451 11 1
451 482 7 0
482 451 7 0
452 453 5 1
453 452 5 0
452 484 6 0
484 452 6 0
452 485 7 0
485 452 7 0
452 483 10 0
483 452 10 0
453 454 6 0
454 453 6 0
453 485 8 1
485 453 8 0
453 486 9 0
486 453 9 0
453 484 11 0
484 453 11 0
454 455 6 0
455 454 6 0
454 486 5 0
486 454 5 0
454 487 8 0
487 454 8 0
454 485 8 0
485 454 8 0
455 456 10 0
456 455 10 0
455 487 5 0
487 455 5 0
455 488 8 0
488 455 8 0
455 486 7 1
486 455 7 0
456 457 5 0
457 456 5 0
456 488 6 0
488 456 6 0
456 489 10 0
489 456 10 0
456 487 12 0
487 456 12 0
457 458 6 0
458 457 6 0
457 489 7 0
489 457 7 0
457 490 9 0
490 457 9 0
457 488 8 0
488 457 8 0
458 459 6 0
459 458 6 0
458 490 8 0
490 458 8 0
458 491 9 0
491 458 9 0
458 489 9 0
489 458 9 0
459 460 8 0
460 459 8 0
459 491 7 0
491 459 7 1
459 492 9 0
492 459 9 1
459 490 10 0
490 459 10 0
460 461 6 0
461 460 6 0
460 492 5 0
492 460 5 0
460 493 7 0
493 460 7 0
460 491 11 0
491 460 11 0
461 462 6 0
462 461 6 0
461 493 7 0
493 461 7 0
461 494 10 1
494 461 10 0
461 492 10 0
492 461 10 0
462 463 4 0
463 462 4 0
462 494 8 0
494 462 8 0
462 495 7 0
495 462 7 0
462 493 9 0
493 462 9 0
463 464 7 0
464 463 7 0
463 495 5 0
495 463 5 0
463 496 8 0
496 463 8 0
463 494 7 0
494 463 7 0
464 465 6 0
465 464 6 0
464 496 4 0
496 464 4 0
464 497 8 0
497 464 8 0
464 495 8 0
495 464 8 0
465 466 6 0
466 465 6 0
465 497 8 1
497 465 8 0
465 498 10 0
498 465 10 0
465 496 9 0
496 465 9 0
466 467 5 0
467 466 5 0
466 498 8 0
498 466 8 0
466 499 9 0
499 466 9 0
466 497 10 0
497 466 10 0
467 468 8 0
468 467 8 1
467 499 6 0
499 467 6 0
467 500 9 0
500 467 9 0
467 498 9 0
498 467 9 0
468 469 5 0
469 468 5 0
468 500 6 0
500 468 6 0
468 501 10 0
501 468 10 0
468 499 8 0
499 468 8 0
469 470 8 0
470 469 8 0
469 501 8 0
501 469 8 0
469 502 11 0
502 469 11 0
469 500 9 0
500 469 9 0
470 471 5 0
471 470 5 0
470 502 9 1
502 470 9 0
470 503 10 1
503 470 10 0
470 501 11 0
501 470 11 0
471 472 8 1
472 471 8 0
471 503 6 0
503 471 6 0
471 504 8 0
504 471 8 0
471 502 8 0
502 471 8 0
472 473 5 0
473 472 5 0
472 504 5 0
504 472 5 0
472 505 7 1
505 472 7 0
472 503 10 0
503 472 10 0
473 474 7 0
474 473 7 0
473 505 8 0
505 473 8 0
473 506 11 0
506 473 11 0
473 504 9 0
504 473 9 0
474 475 5 1
475 474 5 0
474 506 7 0
506 474 7 0
474 507 7 0
507 474 7 0
474 505 9 0
505 474 9 0
475 476 6 0
476 475 6 0
475 507 4 0
507 475 4 0
475 508 8 0
508 475 8 0
475 506 7 0
506 475 7 0
476 477 8 0
477 476 8 0
476 508 4 0
508 476 4 0
476 509 8 0
509 476 8 0
476 507 7 0
507 476 7 0
477 478 5 1
478 477 5 0
477 509 6 0
509 477 6 0
477 510 10 0
510 477 10 0
477 508 8 0
508 477 8 0
478 479 6 0
479 478 6 0
478 510 7 0
510 478 7 0
478 511 7 0
511 478 7 0
478 509 8 0
509 478 8 0
479 511 7 0
511 479 7 0
479 510 9 1
510 479 9 0
480 481 7 1
481 480 7 0
480 512 7 0
512 480 7 0
480 513 12 0
513 480 12 0
481 482 7 0
482 481 7 0
481 513 7 0
513 481 7 0
481 514 9 0
514 481 9 0
481 512 9 0
512 481 9 0
482 483 6 0
483 482 6 0
482 514 9 0
514 482 9 0
482 515 8 0
515 482 8 0
482 513 9 0
513 482 9 0
483 484 5 0
484 483 5 0
483 515 3 0
515 483 3 0
483 516 8 0
516 483 8 0
483 514 9 0
514 483 9 0
484 485 7 0
485 484 7 1
484 516 5 0
516 484 5 0
484 517 10 0
517 484 10 1
484 515 6 0
515 484 6 0
485 486 6 0
486 485 6 0
485 517 5 0
517 485 5 0
485 518 10 0
518 485 10 1
485 516 8 0
516 485 8 0
486 487 5 0
487 486 5 0
486 518 8 0
518 486 8 0
486 519 9 0
519 486 9 0
486 517 7 0
517 486 7 0
487 488 7 0
488 487 7 0
487 519 6 0
519 487 6 0
487 520 9 0
520 487 9 0
487 518 8 0
518 487 8 0
488 489 8 0
489 488 8 0
488 520 6 0
520 488 6 0
488 521 12 0
521 488 12 0
488 519 7 0
519 488 7 0
489 490 4 0
490 489 4 0
489 521 7 0
521 489 7 0
489 522 7 0
522 489 7 0
489 520 8 0
520 489 8 0
490 491 6 0
491 490 6 0
490 522 5 0
522 490 5 0
490 523 9 0
523 490 9 0
490 521 8 0
521 490 8 0
491 492 8 0
492 491 8 0
491 523 7 0
523 491 7 0
491 524 10 0
524 491 10 0
491 522 7 0
522 491 7 0
492 493 7 0
493 492 7 0
492 524 8 0
524 492 8 0
492 525 9 0
525 492 9 0
492 523 11 0
523 492 11 0
493 494 7 0
494 493 7 0
493 525 5 0
525 493 5 0
493 526 8 0
526 493 8 0
493 524 11 0
524 493 11 0
494 495 4 0
495 494 4 0
494 526 5 0
526 494 5 0
494 527 7 0
527 494 7 0
494 525 8 0
525 494 8 0
495 496 6 0
496 495 6 0
495 527 8 0
527 495 8 0
495 528 9 0
528 495 9 0
495 526 8 0
526 495 8 0
496 497 6 0
497 496 6 0
496 528 6 0
528 496 6 0
496 529 12 0
529 496 12 0
496 527 9 0
527 496 9 0
497 498 6 0
498 497 6 0
497 529 7 0
529 497 7 0
497 530 9 0
530 497 9 0
497 528 7 0
528 497 7 0
498 499 8 0
499 498 8 0
498 530 4 0
530 498 4 0
498 531 8 0
531 498 8 0
498 529 7 0
529 498 7 0
499 500 6 1
500 499 6 0
499 531 7 0
531 499 7 0
499 532 9 0
532 499 9 0
499 530 8 0
530 499 8 0
500 501 7 0
501 500 7 0
500 532 5 0
532 500 5 0
500 533 9 0
533 500 9 0
500 531 10 0
531 500 10 0
501 502 6 0
502 501 6 0
501 533 5 0
533 501 5 0
501 534 7 0
534 501 7 0
501 532 6 0
532 501 6 0
502 503 5 1
503 502 5 1
502 534 5 0
534 502 5 0
502 535 6 0
535 502 6 0
502 533 8 0
533 502 8 0
503 504 6 0
504 503 6 0
503 535 5 0
535 503 5 0
503 536 8 0
536 503 8 0
503 534 8 0
534 503 8 0
504 505 7 0
505 504 7 0
504 536 6 0
536 504 6 0
504 537 9 0
537 504 9 0
504 535 9 0
535 504 9 0
505 506 7 0
506 505 7 0
505 537 6 0
537 505 6 0
505 538 11 0
538 505 11 0
505 536 7 1
536 505 7 0
506 507 5 1
507 506 5 0
506 538 7 0
538 506 7 0
506 539 8 0
539 506 8 0
506 537 11 0
537 506 11 0
507 508 6 0
508 507 6 0
507 539 6 1
539 507 6 0
507 540 10 0
540 507 10 1
507 538 10 0
538 507 10 0
508 509 6 0
509 508 6 0
508 540 8 0
540 508 8 0
508 541 8 0
541 508 8 0
508 539 8 0
539 508 8 0
509 510 7 0
510 509 7 0
509 541 6 0
541 509 6 0
509 542 10 0
542 509 10 0
509 540 8 1
540 509 8 0
510 511 4 0
511 510 4 0
510 542 4 0
542 510 4 0
510 543 7 0
543 510 7 0
510 541 9 0
541 510 9 0
511 543 5 0
543 511 5 0
511 542 6 0
542 511 6 0
512 513 8 0
513 512 8 0
512 544 5 0
544 512 5 1
512 545 9 0
545 512 9 0
513 514 3 0
514 513 3 0
513 545 7 0
545 513 7 1
513 546 7 0
546 513 7 1
513 544 7 0
544 513 7 0
514 515 8 0
515 514 8 0
514 546 5 0
546 514 5 0
514 547 10 0
547 514 10 0
514 545 8 0
545 514 8 0
515 516 6 1
516 515 6 0
515 547 7 0
547 515 7 0
515 548 11 0
548 515 11 0
515 546 10 1
546 515 10 0
516 517 7 0
517 516 7 0
516 548 7 0
548 516 7 0
516 549 9 0
549 516 9 0
516 547 8 0
547 516 8 0
517 518 6 0
518 517 6 1
517 549 7 0
549 517 7 0
517 550 6 0
550 517 6 0
517 548 10 0
548 517 10 0
518 519 7 0
519 518 7 0
518 550 4 0
550 518 4 0
518 551 8 0
551 518 8 0
518 549 8 0
549 518 8 0
519 520 5 1
520 519 5 0
519 551 8 0
551 519 8 0
519 552 10 0
552 519 10 0
519 550 11 0
550 519 11 1
520 521 7 0
521 520 7 0
520 552 9 0
552 520 9 0
520 553 8 0
553 520 8 0
520 551 10 0
551 520 10 0
521 522 6 0
522 521 6 0
521 553 4 0
553 521 4 0
521 554 8 0
554 521 8 0
521 552 7 0
552 521 7 0
522 523 6 0
523 522 6 0
522 554 7 0
554 522 7 0
522 555 9 0
555 522 9 0
522 553 9 0
553 522 9 0
523 524 6 0
524 523 6 0
523 555 5 0
555 523 5 0
523 556 8 1
556 523 8 0
523 554 8 0
554 523 8 0
524 525 8 0
525 524 8 0
524 556 4 0
556 524 4 0
524 557 9 0
557 524 9 1
524 555 8 0
555 524 8 0
525 526 6 0
526 525 6 0
525 557 9 0
557 525 9 0
525 558 11 0
558 525 11 0
525 556 9 0
556 525 9 0
526 527 5 0
527 526 5 0
526 558 8 0
558 526 8 0
526 559 8 0
559 526 8 0
526 557 11 0
557 526 11 0
527 528 6 0
528 527 6 0
527 559 6 0
559 527 6 0
527 560 9 0
560 527 9 0
527 558 8 0
558 527 8 0
528 529 8 0
529 528 8 0
528 560 7 0
560 528 7 0
528 561 11 0
561 528 11 0
528 559 10 0
559 528 10 0
529 530 6 0
530 529 6 0
529 561 5 0
561 529 5 0
529 562 6 0
562 529 6 0
529 560 8 1
560 529 8 0
530 531 5 0
531 530 5 0
530 562 7 0
562 530 7 0
530 563 8 0
563 530 8 0
530 561 10 0
561 530 10 0
531 532 9 1
532 531 9 0
531 563 4 0
563 531 4 0
531 564 10 0
564 531 10 0
531 562 7 0
562 531 7 0
532 533 5 0
533 532 5 0
532 564 8 0
564 532 8 0
532 565 7 0
565 532 7 0
532 563 10 0
563 532 10 0
533 534 4 0
534 533 4 0
533 565 6 0
565 533 6 0
533 566 9 0
566 533 9 0
533 564 9 0
564 533 9 0
534 535 6 0
535 534 6 0
534 566 7 0
566 534 7 0
534 567 10 0
567 534 10 0
534 565 8 0
565 534 8 0
535 536 8 0
536 535 8 1
535 567 6 1
567 535 6 0
535 568 7 0
568 535 7 0
535 566 9 0
566 535 9 0
536 537 4 0
537 536 4 0
536 568 5 0
568 536 5 0
536 569 8 0
569 536 8 0
536 567 9 0
567 536 9 1
537 538 9 0
538 537 9 0
537 569 5 0
569 537 5 0
537 570 10 0
570 537 10 0
537 568 7 0
568 537 7 0
538 539 7 0
539 538 7 0
538 570 6 0
570 538 6 0
538 571 6 0
571 538 6 0
538 569 10 0
569 538 10 0
539 540 5 0
540 539 5 0
539 571 9 0
571 539 9 0
539 572 11 0
572 539 11 0
539 570 11 0
570 539 11 0
540 541 4 0
541 540 4 0
540 572 7 0
572 540 7 0
540 573 9 0
573 540 9 1
540 571 11 0
571 540 11 0
541 542 9 0
542 541 9 0
541 573 7 0
573 541 7 0
541 574 10 0
574 541 10 0
541 572 9 0
572 541 9 0
542 543 5 0
543 542 5 0
542 574 6 0
574 542 6 0
542 575 6 0
575 542 6 0
542 573 9 0
573 542 9 0
543 575 6 0
575 543 6 0
543 574 10 0
574 543 10 1
544 545 4 0
545 544 4 0
544 576 7 0
576 544 7 0
544 577 8 0
577 544 8 0
545 546 7 0
546 545 7 0
545 577 6 0
577 545 6 0
545 578 7 0
578 545 7 0
545 576 8 0
576 545 8 0
546 547 7 0
547 546 7 0
546 578 5 0
578 546 5 0
546 579 9 1
579 546 9 0
546 577 10 0
577 546 10 0
547 548 6 0
548 547 6 0
547 579 8 0
579 547 8 0
547 580 9 0
580 547 9 0
547 578 9 0
578 547 9 0
548 549 6 0
549 548 6 0
548 580 6 0
580 548 6 0
548 581 8 0
581 548 8 0
548 579 10 0
579 548 10 0
549 550 5 0
550 549 5 0
549 581 6 0
581 549 6 0
549 582 9 0
582 549 9 0
549 580 9 0
580 549 9 0
550 551 8 0
551 550 8 0
550 582 9 0
582 550 9 0
550 583 8 0
583 550 8 0
550 581 8 0
581 550 8 0
551 552 7 0
552 551 7 0
551 583 5 0
583 551 5 0
551 584 8 0
584 551 8 0
551 582 9 0
582 551 9 0
552 553 3 0
553 552 3 0
552 584 7 0
584 552 7 0
552 585 7 0
585 552 7 0
552 583 10 0
583 552 10 0
553 554 9 0
554 553 9 0
553 585 7 0
585 553 7 1
553 586 10 0
586 553 10 0
553 584 10 0
584 553 10 0
554 555 6 0
555 554 6 0
554 586 3 0
586 554 3 0
554 587 5 0
587 554 5 0
554 585 8 0
585 554 8 0
555 556 7 0
556 555 7 0
555 587 5 0
587 555 5 0
555 588 8 0
588 555 8 0
555 586 7 0
586 555 7 0
556 557 5 0
557 556 5 0
556 588 7 0
588 556 7 0
556 589 9 0
589 556 9 0
556 587 10 0
587 556 10 0
557 558 8 0
558 557 8 0
557 589 6 0
589 557 6 0
557 590 8 0
590 557 8 0
557 588 7 0
588 557 7 0
558 559 4 0
559 558 4 0
558 590 5 0
590 558 5 0
558 591 7 0
591 558 7 0
558 589 10 0
589 558 10 0
559 560 7 0
560 559 7 0
559 591 6 0
591 559 6 0
559 592 9 0
592 559 9 0
559 590 7 0
590 559 7 0
560 561 7 0
561 560 7 1
560 592 5 0
592 560 5 0
560 593 7 0
593 560 7 0
560 591 9 0
591 560 9 0
561 562 5 0
562 561 5 0
561 593 5 0
593 561 5 0
561 594 7 0
594 561 7 0
561 592 8 0
592 561 8 0
562 563 5 0
563 562 5 0
562 594 5 0
594 562 5 0
562 595 9 0
595 562 9 0
562 593 10 1
593 562 10 0
563 564 8 0
564 563 8 0
563 595 7 1
595 563 7 0
563 596 11 0
596 563 11 0
563 594 7 0
594 563 7 0
564 565 4 0
565 564 4 0
564 596 6 0
596 564 6 0
564 597 8 0
597 564 8 0
564 595 7 0
595 564 7 0
565 566 7 0
566 565 7 0
565 597 7 0
597 565 7 0
565 598 9 0
598 565 9 0
565 596 9 0
596 565 9 0
566 567 7 0
567 566 7 0
566 598 3 0
598 566 3 0
566 599 8 0
599 566 8 0
566 597 8 0
597 566 8 0
567 568 4 0
568 567 4 0
567 599 4 0
599 567 4 0
567 600 7 0
600 567 7 0
567 598 8 0
598 567 8 0
568 569 6 0
569 568 6 0
568 600 7 0
600 568 7 0
568 601 11 0
601 568 11 0
568 599 7 0
599 568 7 0
569 570 7 0
570 569 7 0
569 601 6 0
601 569 6 0
569 602 8 0
602 569 8 1
569 600 8 0
600 569 8 0
570 571 4 0
571 570 4 0
570 602 4 0
602 570 4 0
570 603 7 0
603 570 7 0
570 601 7 0
601 570 7 0
571 572 9 0
572 571 9 0
571 603 4 0
603 571 4 0
571 604 9 0
604 571 9 1
571 602 7 0
602 571 7 0
572 573 7 0
573 572 7 0
572 604 6 0
604 572 6 0
572 605 5 0
605 572 5 0
572 603 7 0
603 572 7 0
573 574 4 0
574 573 4 0
573 605 6 0
605 573 6 0
573 606 8 0
606 573 8 0
573 604 10 0
604 573 10 0
574 575 6 0
575 574 6 0
574 606 7 0
606 574 7 0
574 607 10 0
607 574 10 0
574 605 9 0
605 574 9 0
575 607 8 0
607 575 8 0
575 606 10 0
606 575 10 0
576 577 6 0
577 576 6 0
576 608 7 0
608 576 7 0
576 609 8 0
609 576 8 0
577 578 7 1
578 577 7 0
577 609 4 0
609 577 4 0
577 610 11 0
610 577 11 0
577 608 6 0
608 577 6 0
578 579 6 0
579 578 6 0
578 610 9 0
610 578 9 0
578 611 8 0
611 578 8 0
578 609 9 0
609 578 9 1
579 580 8 0
580 579 8 0
579 611 3 0
611 579 3 0
579 612 11 0
612 579 11 0
579 610 7 0
610 579 7 0
580 581 7 0
581 580 7 0
580 612 6 0
612 580 6 0
580 613 7 0
613 580 7 0
580 611 8 0
611 580 8 0
581 582 6 0
582 581 6 0
581 613 6 1
613 581 6 0
581 614 9 0
614 581 9 0
581 612 10 1
612 581 10 1
582 583 5 0
583 582 5 0
582 614 6 0
614 582 6 0
582 615 6 0
615 582 6 0
582 613 8 0
613 582 8 0
583 584 7 0
584 583 7 0
583 615 6 0
615 583 6 0
583 616 10 0
616 583 10 0
583 614 9 0
614 583 9 0
584 585 8 1
585 584 8 0
584 616 4 0
616 584 4 0
584 617 9 0
617 584 9 0
584 615 6 0
615 584 6 0
585 586 7 0
586 585 7 1
585 617 5 0
617 585 5 0
585 618 8 0
618 585 8 0
585 616 8 0
616 585 8 0
586 587 4 0
587 586 4 0
586 618 6 0
618 586 6 0
586 619 9 0
619 586 9 1
586 617 8 0
617 586 8 0
587 588 8 1
588 587 8 0
587 619 7 0
619 587 7 0
587 620 10 0
620 587 10 0
587 618 7 0
618 587 7 0
588 589 4 0
589 588 4 0
588 620 5 0
620 588 5 0
588 621 9 0
621 588 9 0
588 619 8 1
619 588 8 0
589 590 8 0
590 589 8 0
589 621 5 0
621 589 5 0
589 622 8 0
622 589 8 0
589 620 7 0
620 589 7 0
590 591 6 0
591 590 6 0
590 622 7 0
622 590 7 1
590 623 9 0
623 590 9 0
590 621 7 0
621 590 7 0
591 592 6 0
592 591 6 1
591 623 7 0
623 591 7 0
591 624 6 0
624 591 6 0
591 622 10 0
622 591 10 0
592 593 3 0
593 592 3 0
592 624 5 0
624 592 5 0
592 625 8 0
625 592 8 1
592 623 11 0
623 592 11 0
593 594 8 0
594 593 8 0
593 625 6 0
625 593 6 0
593 626 11 0
626 593 11 0
593 624 7 0
624 593 7 0
594 595 6 0
595 594 6 0
594 626 6 0
626 594 6 0
594 627 8 0
627 594 8 0
594 625 9 0
625 594 9 0
595 596 5 0
596 595 5 0
595 627 5 0
627 595 5 0
595 628 7 0
628 595 7 0
595 626 7 0
626 595 7 0
596 597 7 0
597 596 7 0
596 628 4 0
628 596 4 0
596 629 8 0
629 596 8 0
596 627 7 0
627 596 7 0
597 598 6 0
598 597 6 0
597 629 6 0
629 597 6 0
597 630 7 0
630 597 7 0
597 628 8 0
628 597 8 0
598 599 7 0
599 598 7 0
598 630 8 0
630 598 8 0
598 631 10 0
631 598 10 0
598 629 11 0
629 598 11 0
599 600 4 0
600 599 4 0
599 631 9 0
631 599 9 1
599 632 10 0
632 599 10 0
599 630 11 0
630 599 11 0
600 601 7 0
601 600 7 0
600 632 7 0
632 600 7 0
600 633 9 0
633 600 9 0
600 631 9 0
631 600 9 0
601 602 4 0
602 601 4 0
601 633 7 0
633 601 7 0
601 634 8 0
634 601 8 0
601 632 9 0
632 601 9 0
602 603 8 0
603 602 8 0
602 634 6 1
634 602 6 0
602 635 11 0
635 602 11 0
602 633 9 1
633 602 9 0
603 604 6 0
604 603 6 0
603 635 7 0
635 603 7 1
603 636 10 0
636 603 10 0
603 634 8 0
634 603 8 0
604 605 5 0
605 604 5 0
604 636 6 0
636 604 6 0
604 637 6 0
637 604 6 0
604 635 7 0
635 604 7 1
605 606 7 0
606 605 7 0
605 637 5 0
637 605 5 0
605 638 11 0
638 605 11 0
605 636 9 0
636 605 9 0
606 607 8 0
607 606 8 0
606 638 6 0
638 606 6 0
606 639 8 0
639 606 8 0
606 637 8 0
637 606 8 0
607 639 4 0
639 607 4 0
607 638 8 0
638 607 8 0
608 609 3 0
609 608 3 0
608 640 7 0
640 608 7 0
608 641 9 0
641 608 9 1
609 610 8 0
610 609 8 0
609 641 9 0
641 609 9 0
609 642 8 0
642 609 8 0
609 640 10 0
640 609 10 0
610 611 4 0
611 610 4 0
610 642 4 0
642 610 4 0
610 643 6 0
643 610 6 1
610 641 9 0
641 610 9 0
611 612 9 0
612 611 9 0
611 643 7 0
643 611 7 0
611 644 9 0
644 611 9 0
611 642 8 0
642 611 8 0
612 613 5 0
613 612 5 0
612 644 3 0
644 612 3 0
612 645 6 0
645 612 6 0
612 643 8 0
643 612 8 0
613 614 7 0
614 613 7 0
613 645 6 0
645 613 6 0
613 646 8 0
646 613 8 0
613 644 8 0
644 613 8 0
614 615 7 0
615 614 7 0
614 646 4 0
646 614 4 0
614 647 9 0
647 614 9 0
614 645 8 0
645 614 8 0
615 616 7 0
616 615 7 0
615 647 6 0
647 615 6 0
615 648 9 1
648 615 9 0
615 646 10 0
646 615 10 0
616 617 7 0
617 616 7 0
616 648 7 0
648 616 7 0
616 649 9 0
649 616 9 0
616 647 7 0
647 616 7 0
617 618 5 0
618 617 5 1
617 649 6 0
649 617 6 0
617 650 10 0
650 617 10 0
617 648 11 0
648 617 11 0
618 619 7 0
619 618 7 0
618 650 8 0
650 618 8 0
618 651 8 0
651 618 8 0
618 649 7 1
649 618 7 0
619 620 5 0
620 619 5 0
619 651 7 0
651 619 7 0
619 652 10 0
652 619 10 0
619 650 9 0
650 619 9 0
620 621 8 0
621 620 8 0
620 652 8 0
652 620 8 0
620 653 7 0
653 620 7 0
620 651 9 0
651 620 9 1
621 622 3 0
622 621 3 0
621 653 6 0
653 621 6 0
621 654 6 0
654 621 6 0
621 652 11 0
652 621 11 0
622 623 7 0
623 622 7 0
622 654 4 0
654 622 4 0
622 655 11 1
655 622 11 0
622 653 7 0
653 622 7 0
623 624 6 0
624 623 6 1
623 655 7 0
655 623 7 0
623 656 10 0
656 623 10 0
623 654 8 0
654 623 8 0
624 625 7 0
625 624 7 0
624 656 9 0
656 624 9 0
624 657 12 0
657 624 12 0
624 655 10 0
655 624 10 0
625 626 8 0
626 625 8 1
625 657 7 0
657 625 7 0
625 658 10 0
658 625 10 0
625 656 9 1
656 625 9 0
626 627 3 0
627 626 3 0
626 658 7 0
658 626 7 0
626 659 7 0
659 626 7 0
626 657 10 1
657 626 10 1
627 628 6 0
628 627 6 0
627 659 7 0
659 627 7 0
627 660 10 0
660 627 10 0
627 658 9 0
658 627 9 0
628 629 7 0
629 628 7 0
628 660 8 0
660 628 8 0
628 661 9 0
661 628 9 0
628 659 9 0
659 628 9 0
629 630 5 0
630 629 5 0
629 661 4 0
661 629 4 0
629 662 7 0
662 629 7 0
629 660 9 0
660 629 9 0
630 631 7 0
631 630 7 0
630 662 5 0
662 630 5 0
630 663 12 0
663 630 12 0
630 661 6 0
661 630 6 0
631 632 8 0
632 631 8 0
631 663 7 0
663 631 7 0
631 664 7 0
664 631 7 0
631 662 8 0
662 631 8 0
632 633 4 0
633 632 4 1
632 664 6 0
664 632 6 0
632 665 7 0
665 632 7 0
632 663 9 0
663 632 9 0
633 634 8 0
634 633 8 0
633 665 6 0
665 633 6 0
633 666 9 0
666 633 9 0
633 664 9 0
664 633 9 0
634 635 6 0
635 634 6 0
634 666 9 0
666 634 9 0
634 667 10 0
667 634 10 0
634 665 11 0
665 634 11 0
635 636 6 0
636 635 6 0
635 667 8 0
667 635 8 0
635 668 7 0
668 635 7 0
635 666 11 0
666 635 11 0
636 637 5 0
637 636 5 0
636 668 5 0
668 636 5 0
636 669 8 0
669 636 8 0
636 667 10 0
667 636 10 0
637 638 9 0
638 637 9 0
637 669 8 0
669 637 8 0
637 670 10 0
670 637 10 0
637 668 10 0
668 637 10 0
638 639 5 0
639 638 5 0
638 670 5 0
670 638 5 0
638 671 6 0
671 638 6 0
638 669 8 0
669 638 8 0
639 671 6 0
671 639 6 0
639 670 9 0
670 639 9 0
640 641 7 0
641 640 7 0
640 672 4 0
672 640 4 0
640 673 9 0
673 640 9 0
641 642 6 0
642 641 6 1
641 673 4 0
673 641 4 0
641 674 8 0
674 641 8 0
641 672 7 0
672 641 7 0
642 643 8 0
643 642 8 0
642 674 8 0
674 642 8 0
642 675 11 0
675 642 11 1
642 673 9 0
673 642 9 0
643 644 6 0
644 643 6 0
643 675 7 0
675 643 7 0
643 676 9 0
676 643 9 0
643 674 10 0
674 643 10 0
644 645 5 1
645 644 5 0
644 676 6 0
676 644 6 1
644 677 11 0
677 644 11 0
644 675 10 0
675 644 10 0
645 646 7 0
646 645 7 0
645 677 8 0
677 645 8 0
645 678 11 0
678 645 11 0
645 676 6 0
676 645 6 0
646 647 8 0
647 646 8 0
646 678 7 0
678 646 7 0
646 679 8 0
679 646 8 1
646 677 10 0
677 646 10 0
647 648 4 0
648 647 4 0
647 679 7 0
679 647 7 1
647 680 9 0
680 647 9 0
647 678 10 0
678 647 10 0
648 649 9 0
649 648 9 0
648 680 6 0
680 648 6 0
648 681 11 0
681 648 11 0
648 679 7 0
679 648 7 0
649 650 6 0
650 649 6 0
649 681 7 0
681 649 7 0
649 682 7 1
682 649 7 0
649 680 9 0
680 649 9 0
650 651 4 0
651 650 4 0
650 682 4 1
682 650 4 0
650 683 8 0
683 650 8 0
650 681 8 0
681 650 8 0
651 652 8 0
652 651 8 0
651 683 7 0
683 651 7 0
651 684 9 0
684 651 9 0
651 682 7 0
682 651 7 0
652 653 5 0
653 652 5 0
652 684 5 0
684 652 5 0
652 685 6 0
685 652 6 0
652 683 10 0
683 652 10 0
653 654 6 0
654 653 6 0
653 685 6 0
685 653 6 0
653 686 11 0
686 653 11 0
653 684 10 0
684 653 10 0
654 655 9 0
655 654 9 0
654 686 8 0
686 654 8 0
654 687 10 0
687 654 10 0
654 685 7 0
685 654 7 0
655 656 6 0
656 655 6 0
655 687 3 1
687 655 3 0
655 688 8 0
688 655 8 0
655 686 8 0
686 655 8 0
656 657 7 0
657 656 7 0
656 688 6 0
688 656 6 0
656 689 7 0
689 656 7 0
656 687 8 0
687 656 8 0
657 658 5 0
658 657 5 0
657 689 7 0
689 657 7 0
657 690 7 0
690 657 7 0
657 688 10 0
688 657 10 0
658 659 5 0
659 658 5 0
658 690 8 0
690 658 8 0
658 691 8 0
691 658 8 0
658 689 10 0
689 658 10 0
659 660 6 0
660 659 6 0
659 691 8 0
691 659 8 0
659 692 10 0
692 659 10 0
659 690 11 0
690 659 11 0
660 661 8 1
661 660 8 0
660 692 5 0
692 660 5 0
660 693 8 0
693 660 8 0
660 691 9 0
691 660 9 0
661 662 5 0
662 661 5 0
661 693 8 0
693 661 8 0
661 694 8 0
694 661 8 0
661 692 9 0
692 661 9 0
662 663 8 0
663 662 8 0
662 694 5 0
694 662 5 0
662 695 11 0
695 662 11 0
662 693 10 0
693 662 10 0
663 664 3 0
664 663 3 0
663 695 5 1
695 663 5 0
663 696 6 0
696 663 6 0
663 694 8 1
694 663 8 0
664 665 6 0
665 664 6 0
664 696 6 0
696 664 6 0
664 697 9 0
697 664 9 0
664 695 7 0
695 664 7 0
665 666 7 0
666 665 7 0
665 697 7 0
697 665 7 0
665 698 8 0
698 665 8 0
665 696 7 0
696 665 7 0
666 667 5 1
667 666 5 0
666 698 4 0
698 666 4 0
666 699 7 0
699 666 7 0
666 697 9 0
697 666 9 0
667 668 6 0
668 667 6 0
667 699 4 0
699 667 4 0
667 700 8 0
700 667 8 0
667 698 7 0
698 667 7 0
668 669 8 0
669 668 8 0
668 700 6 0
700 668 6 0
668 701 9 0
701 668 9 1
668 699 6 0
699 668 6 0
669 670 5 0
670 669 5 0
669 701 5 0
701 669 5 0
669 702 8 0
702 669 8 1
669 700 9 0
700 669 9 0
670 671 7 0
671 670 7 0
670 702 6 0
702 670 6 0
670 703 10 0
703 670 10 0
670 701 8 0
701 670 8 0
671 703 7 1
703 671 7 0
671 702 8 0
702 671 8 0
672 673 7 0
673 672 7 0
672 704 8 0
704 672 8 0
672 705 9 0
705 672 9 0
673 674 5 0
674 673 5 0
673 705 5 0
705 673 5 0
673 706 7 0
706 673 7 0
673 704 9 0
704 673 9 0
674 675 8 0
675 674 8 0
674 706 3 0
706 674 3 0
674 707 8 0
707 674 8 0
674 705 6 0
705 674 6 0
675 676 7 0
676 675 7 0
675 707 4 0
707 675 4 0
675 708 8 0
708 675 8 0
675 706 8 0
706 675 8 0
676 677 6 0
677 676 6 0
676 708 9 0
708 676 9 0
676 709 9 1
709 676 9 1
676 707 9 0
707 676 9 0
677 678 7 0
678 677 7 0
677 709 5 0
709 677 5 0
677 710 10 0
710 677 10 0
677 708 10 0
708 677 10 0
678 679 4 0
679 678 4 0
678 710 7 1
710 678 7 0
678 711 10 1
711 678 10 0
678 709 8 0
709 678 8 0
679 680 8 0
680 679 8 0
679 711 9 0
711 679 9 0
679 712 10 1
712 679 10 0
679 710 9 0
710 679 9 0
680 681 6 0
681 680 6 0
680 712 6 0
712 680 6 0
680 713 9 0
713 680 9 0
680 711 11 0
711 680 11 0
681 682 4 0
682 681 4 0
681 713 8 0
713 681 8 0
681 714 8 0
714 681 8 0
681 712 8 0
712 681 8 0
682 683 7 0
683 682 7 0
682 714 9 0
714 682 9 0
682 715 9 0
715 682 9 1
682 713 11 0
713 682 11 0
683 684 6 0
684 683 6 0
683 715 3 0
715 683 3 0
683 716 8 0
716 683 8 0
683 714 8 0
714 683 8 0
684 685 7 0
685 684 7 0
684 716 5 0
716 684 5 0
684 717 8 0
717 684 8 1
684 715 7 0
715 684 7 0
685 686 6 0
686 685 6 0
685 717 8 0
717 685 8 0
685 718 8 0
718 685 8 0
685 716 10 0
716 685 10 0
686 687 6 0
687 686 6 0
686 718 5 0
718 686 5 0
686 719 9 0
719 686 9 0
686 717 10 0
717 686 10 0
687 688 7 0
688 687 7 0
687 719 8 0
719 687 8 0
687 720 9 0
720 687 9 0
687 718 10 0
718 687 10 0
688 689 5 0
689 688 5 0
688 720 4 0
720 688 4 0
688 721 5 0
721 688 5 0
688 719 8 0
719 688 8 0
689 690 5 1
690 689 5 0
689 721 3 0
721 689 3 1
689 722 6 0
722 689 6 0
689 720 6 0
720 689 6 0
690 691 6 0
691 690 6 0
690 722 4 0
722 690 4 1
690 723 8 0
723 690 8 0
690 721 7 0
721 690 7 0
691 692 9 0
692 691 9 0
691 723 4 0
723 691 4 0
691 724 6 0
724 691 6 0
691 722 7 0
722 691 7 0
692 693 4 0
693 692 4 0
692 724 6 0
724 692 6 0
692 725 8 0
725 692 8 0
692 723 10 0
723 692 10 0
693 694 8 0
694 693 8 0
693 725 5 0
725 693 5 0
693 726 8 0
726 693 8 0
693 724 8 0
724 693 8 0
694 695 7 0
695 694 7 0
694 726 7 0
726 694 7 0
694 727 10 0
727 694 10 0
694 725 10 0
725 694 10 0
695 696 5 0
696 695 5 0
695 727 6 0
727 695 6 0
695 728 9 0
728 695 9 0
695 726 10 0
726 695 10 0
696 697 5 0
697 696 5 0
696 728 7 0
728 696 7 0
696 729 8 0
729 696 8 1
696 727 10 0
727 696 10 0
697 698 7 0
698 697 7 0
697 729 4 0
729 697 4 0
697 730 7 0
730 697 7 0
697 728 7 0
728 697 7 0
698 699 7 0
699 698 7 0
698 730 6 0
730 698 6 0
698 731 10 0
731 698 10 0
698 729 7 0
729 698 7 0
699 700 5 0
700 699 5 0
699 731 8 0
731 699 8 0
699 732 8 0
732 699 8 0
699 730 11 0
730 699 11 0
700 701 6 0
701 700 6 0
700 732 5 0
732 700 5 0
700 733 9 0
733 700 9 0
700 731 7 0
731 700 7 0
701 702 8 0
702 701 8 0
701 733 7 0
733 701 7 0
701 734 7 0
734 701 7 0
701 732 8 0
732 701 8 0
702 703 6 0
703 702 6 0
702 734 6 0
734 702 6 0
702 735 9 0
735 702 9 0
702 733 9 1
733 702 9 0
703 735 8 0
735 703 8 0
703 734 11 0
734 703 11 0
704 705 7 0
705 704 7 0
704 736 4 0
736 704 4 0
704 737 9 0
737 704 9 1
705 706 5 0
706 705 5 0
705 737 6 0
737 705 6 0
705 738 10 0
738 705 10 0
705 736 9 0
736 705 9 1
706 707 7 0
707 706 7 0
706 738 7 0
738 706 7 0
706 739 10 1
739 706 10 0
706 737 7 0
737 706 7 0
707 708 5 0
708 707 5 0
707 739 8 0
739 707 8 0
707 740 11 0
740 707 11 0
707 738 8 0
738 707 8 0
708 709 9 0
709 708 9 0
708 740 6 0
740 708 6 0
708 741 9 0
741 708 9 0
708 739 7 0
739 708 7 0
709 710 7 0
710 709 7 0
709 741 6 0
741 709 6 0
709 742 8 0
742 709 8 0
709 740 9 0
740 709 9 0
710 711 5 0
711 710 5 1
710 742 5 0
742 710 5 1
710 743 5 0
743 710 5 0
710 741 9 0
741 710 9 0
711 712 6 0
712 711 6 0
711 743 3 0
743 711 3 0
711 744 5 0
744 711 5 0
711 742 9 0
742 711 9 0
712 713 5 0
713 712 5 0
712 744 6 0
744 712 6 0
712 745 8 1
745 712 8 0
712 743 9 0
743 712 9 0
713 714 7 0
714 713 7 0
713 745 4 0
745 713 4 0
713 746 10 0
746 713 10 0
713 744 6 0
744 713 6 0
714 715 7 0
715 714 7 0
714 746 6 0
746 714 6 0
714 747 8 0
747 714 8 0
714 745 7 1
745 714 7 0
715 716 6 0
716 715 6 0
715 747 8 0
747 715 8 0
715 748 10 0
748 715 10 0
715 746 10 0
746 715 10 0
716 717 5 0
717 716 5 0
716 748 7 0
748 716 7 0
716 749 10 0
749 716 10 0
716 747 8 0
747 716 8 0
717 718 5 0
718 717 5 0
717 749 7 0
749 717 7 0
717 750 7 0
750 717 7 0
717 748 9 0
748 717 9 1
718 719 8 0
719 718 8 0
718 750 5 0
750 718 5 0
718 751 10 1
751 718 10 0
718 749 8 0
749 718 8 0
719 720 7 0
720 719 7 0
719 751 5 0
751 719 5 0
719 752 9 0
752 719 9 0
719 750 8 0
750 719 8 0
720 721 4 0
721 720 4 0
720 752 8 0
752 720 8 0
720 753 9 0
753 720 9 0
720 751 10 0
751 720 10 1
721 722 6 0
722 721 6 0
721 753 9 0
753 721 9 0
721 754 10 0
754 721 10 0
721 752 9 0
752 721 9 0
722 723 7 0
723 722 7 0
722 754 7 0
754 722 7 0
722 755 10 0
755 722 10 0
722 753 9 0
753 722 9 0
723 724 5 0
724 723 5 0
723 755 5 0
755 723 5 0
723 756 9 0
756 723 9 0
723 754 9 1
754 723 9 0
724 725 8 0
725 724 8 0
724 756 7 0
756 724 7 0
724 757 10 0
757 724 10 0
724 755 7 0
755 724 7 0
725 726 5 1
726 725 5 0
725 757 5 0
757 725 5 0
725 758 9 0
758 725 9 0
725 756 9 0
756 725 9 0
726 727 7 0
727 726 7 1
726 758 7 0
758 726 7 0
726 759 10 0
759 726 10 0
726 757 8 1
757 726 8 0
727 728 7 0
728 727 7 0
727 759 7 0
759 727 7 0
727 760 10 0
760 727 10 0
727 758 9 0
758 727 9 0
728 729 6 0
729 728 6 0
728 760 6 0
760 728 6 1
728 761 8 0
761 728 8 1
728 759 10 0
759 728 10 0
729 730 4 0
730 729 4 0
729 761 8 0
761 729 8 0
729 762 10 0
762 729 10 0
729 760 10 0
760 729 10 0
730 731 9 0
731 730 9 1
730 762 7 0
762 730 7 0
730 763 11 0
763 730 11 0
730 761 8 0
761 730 8 0
731 732 4 0
732 731 4 0
731 763 8 0
763 731 8 0
731 764 7 0
764 731 7 0
731 762 8 0
762 731 8 0
732 733 7 0
733 732 7 0
732 764 7 0
764 732 7 0
732 765 10 0
765 732 10 0
732 763 11 0
763 732 11 0
733 734 4 0
734 733 4 0
733 765 7 0
765 733 7 0
733 766 10 0
766 733 10 0
733 764 9 0
764 733 9 0
734 735 9 0
735 734 9 0
734 766 9 0
766 734 9 0
734 767 11 0
767 734 11 0
734 765 9 0
765 734 9 0
735 767 4 0
767 735 4 1
735 766 8 0
766 735 8 0
736 737 7 0
737 736 7 0
736 768 9 0
768 736 9 0
736 769 8 0
769 736 8 0
737 738 6 0
738 737 6 0
737 769 7 0
769 737 7 0
737 770 11 0
770 737 11 0
737 768 12 0
768 737 12 0
738 739 4 0
739 738 4 1
738 770 8 0
770 738 8 0
738 771 9 0
771 738 9 0
738 769 10 0
769 738 10 0
739 740 8 0
740 739 8 1
739 771 6 0
771 739 6 0
739 772 9 0
772 739 9 0
739 770 8 0
770 739 8 0
740 741 5 0
741 740 5 0
740 772 6 0
772 740 6 1
740 773 8 0
773 740 8 0
740 771 9 0
771 740 9 0
741 742 6 0
742 741 6 0
741 773 6 0
773 741 6 0
741 774 10 0
774 741 10 0
741 772 8 0
772 741 8 0
742 743 6 0
743 742 6 0
742 774 7 0
774 742 7 0
742 775 8 0
775 742 8 0
742 773 9 1
773 742 9 0
743 744 5 0
744 743 5 0
743 775 8 0
775 743 8 0
743 776 11 0
776 743 11 0
743 774 10 0
774 743 10 0
744 745 6 0
745 744 6 0
744 776 9 0
776 744 9 0
744 777 9 0
777 744 9 1
744 775 10 0
775 744 10 0
745 746 8 0
746 745 8 0
745 777 6 1
777 745 6 0
745 778 9 0
778 745 9 0
745 776 10 0
776 745 10 0
746 747 5 0
747 746 5 0
746 778 3 0
778 746 3 0
746 779 7 0
779 746 7 0
746 777 9 0
777 746 9 0
747 748 5 0
748 747 5 0
747 779 8 0
779 747 8 0
747 780 8 0
780 747 8 0
747 778 7 0
778 747 7 0
748 749 9 0
749 748 9 0
748 780 7 0
780 748 7 0
748 781 10 0
781 748 10 0
748 779 10 0
779 748 10 0
749 750 4 0
750 749 4 0
749 781 7 0
781 749 7 0
749 782 8 0
782 749 8 0
749 780 12 0
780 749 12 1
750 751 7 0
751 750 7 0
750 782 9 0
782 750 9 0
750 783 10 0
783 750 10 0
750 781 10 0
781 750 10 0
751 752 7 0
752 751 7 0
751 783 6 0
783 751 6 0
751 784 7 0
784 751 7 0
751 782 10 0
782 751 10 0
752 753 5 0
753 752 5 0
752 784 4 0
784 752 4 0
752 785 7 0
785 752 7 0
752 783 9 0
783 752 9 0
753 754 6 0
754 753 6 0
753 785 4 0
785 753 4 0
753 786 8 0
786 753 8 0
753 784 7 0
784 753 7 0
754 755 8 0
755 754 8 0
754 786 7 0
786 754 7 0
754 787 8 0
787 754 8 0
754 785 6 0
785 754 6 0
755 756 5 0
756 755 5 0
755 787 6 0
787 755 6 0
755 788 8 0
788 755 8 1
755 786 12 0
786 755 12 0
756 757 6 0
757 756 6 0
756 788 6 0
788 756 6 0
756 789 9 0
789 756 9 0
756 787 9 1
787 756 9 0
757 758 6 0
758 757 6 0
757 789 8 0
789 757 8 0
757 790 10 0
790 757 10 0
757 788 10 0
788 757 10 0
758 759 6 0
759 758 6 0
758 790 7 0
790 758 7 0
758 791 9 0
791 758 9 0
758 789 9 0
789 758 9 0
759 760 7 0
760 759 7 0
759 791 4 0
791 759 4 0
759 792 9 0
792 759 9 1
759 790 10 0
790 759 10 0
760 761 5 0
761 760 5 0
760 792 7 0
792 760 7 0
760 793 8 0
793 760 8 0
760 791 6 0
791 760 6 0
761 762 8 0
762 761 8 0
761 793 6 0
793 761 6 0
761 794 8 0
794 761 8 0
761 792 9 0
792 761 9 0
762 763 4 0
763 762 4 1
762 794 5 0
794 762 5 0
762 795 6 0
795 762 6 0
762 793 10 0
793 762 10 0
763 764 6 0
764 763 6 0
763 795 3 0
795 763 3 0
763 796 9 0
796 763 9 0
763 794 6 0
794 763 6 0
764 765 6 0
765 764 6 0
764 796 7 0
796 764 7 0
764 797 9 0
797 764 9 0
764 795 8 0
795 764 8 0
765 766 7 0
766 765 7 1
765 797 6 0
797 765 6 0
765 798 8 0
798 765 8 0
765 796 8 0
796 765 8 0
766 767 6 0
767 766 6 0
766 798 4 0
798 766 4 0
766 799 8 0
799 766 8 0
766 797 10 0
797 766 10 0
767 799 7 0
799 767 7 0
767 798 8 0
798 767 8 0
768 769 6 0
769 768 6 0
768 800 6 0
800 768 6 0
768 801 7 0
801 768 7 0
769 770 9 0
770 769 9 0
769 801 8 0
801 769 8 0
769 802 10 0
802 769 10 0
769 800 9 0
800 769 9 0
770 771 5 0
771 770 5 0
770 802 3 0
802 770 3 0
770 803 8 0
803 770 8 0
770 801 11 1
801 770 11 0
771 772 6 0
772 771 6 0
771 803 7 0
803 771 7 0
771 804 6 0
804 771 6 0
771 802 7 0
802 771 7 0
772 773 5 0
773 772 5 0
772 804 5 0
804 772 5 0
772 805 8 0
805 772 8 0
772 803 9 0
803 772 9 0
773 774 8 0
774 773 8 0
773 805 6 1
805 773 6 0
773 806 9 0
806 773 9 0
773 804 8 0
804 773 8 0
774 775 4 0
775 774 4 0
774 806 5 0
806 774 5 0
774 807 7 0
807 774 7 0
774 805 10 0
805 774 10 0
775 776 7 0
776 775 7 0
775 807 6 0
807 775 6 0
775 808 10 0
808 775 10 0
775 806 6 0
806 775 6 0
776 777 6 0
777 776 6 0
776 808 6 0
808 776 6 0
776 809 6 1
809 776 6 0
776 807 8 0
807 776 8 0
777 778 7 0
778 777 7 0
777 809 7 0
809 777 7 0
777 810 9 0
810 777 9 0
777 808 10 0
808 777 10 0
778 779 4 0
779 778 4 0
778 810 9 0
810 778 9 0
778 811 9 0
811 778 9 0
778 809 11 0
809 778 11 0
779 780 6 0
780 779 6 0
779 811 5 0
811 779 5 0
779 812 10 0
812 779 10 0
779 810 8 0
810 779 8 0
780 781 8 0
781 780 8 0
780 812 6 0
812 780 6 0
780 813 7 0
813 780 7 0
780 811 7 0
811 780 7 0
781 782 4 0
782 781 4 0
781 813 5 0
813 781 5 0
781 814 7 0
814 781 7 0
781 812 8 0
812 781 8 0
782 783 6 0
783 782 6 0
782 814 5 0
814 782 5 0
782 815 8 0
815 782 8 0
782 813 8 0
813 782 8 0
783 784 6 1
784 783 6 0
783 815 6 0
815 783 6 0
783 816 9 0
816 783 9 0
783 814 9 0
814 783 9 0
784 785 8 0
785 784 8 0
784 816 7 0
816 784 7 0
784 817 9 0
817 784 9 0
784 815 10 0
815 784 10 0
785 786 4 0
786 785 4 0
785 817 6 0
817 785 6 0
785 818 7 0
818 785 7 0
785 816 9 0
816 785 9 0
786 787 7 0
787 786 7 0
786 818 3 0
818 786 3 0
786 819 10 0
819 786 10 0
786 817 6 0
817 786 6 0
787 788 6 0
788 787 6 0
787 819 7 0
819 787 7 0
787 820 10 0
820 787 10 0
787 818 8 0
818 787 8 0
788 789 7 0
789 788 7 0
788 820 6 0
820 788 6 0
788 821 10 0
821 788 10 1
788 819 7 0
819 788 7 1
789 790 5 0
790 789 5 0
789 821 5 0
821 789 5 0
789 822 7 0
822 789 7 0
789 820 6 0
820 789 6 0
790 791 9 0
791 790 9 0
790 822 4 0
822 790 4 0
790 823 9 0
823 790 9 0
790 821 7 0
821 790 7 0
791 792 5 0
792 791 5 0
791 823 8 0
823 791 8 0
791 824 8 0
824 791 8 0
791 822 11 0
822 791 11 0
792 793 5 0
793 792 5 0
792 824 4 0
824 792 4 0
792 825 7 0
825 792 7 0
792 823 8 0
823 792 8 0
793 794 7 0
794 793 7 0
793 825 6 0
825 793 6 0
793 826 7 0
826 793 7 0
793 824 8 0
824 793 8 0
794 795 4 0
795 794 4 0
794 826 6 0
826 794 6 0
794 827 10 0
827 794 10 0
794 825 11 0
825 794 11 0
795 796 8 0
796 795 8 0
795 827 9 0
827 795 9 0
795 828 12 0
828 795 12 0
795 826 8 0
826 795 8 0
796 797 4 0
797 796 4 0
796 828 6 0
828 796 6 0
796 829 8 0
829 796 8 0
796 827 9 0
827 796 9 0
797 798 9 0
798 797 9 0
797 829 6 0
829 797 6 0
797 830 10 0
830 797 10 0
797 828 7 0
828 797 7 0
798 799 6 0
799 798 6 0
798 830 7 0
830 798 7 0
798 831 10 0
831 798 10 0
798 829 10 0
829 798 10 0
799 831 8 0
831 799 8 0
799 830 8 0
830 799 8 0
800 801 3 0
801 800 3 0
800 832 4 0
832 800 4 0
800 833 8 0
833 800 8 0
801 802 9 0
802 801 9 0
801 833 6 0
833 801 6 0
801 834 10 0
834 801 10 0
801 832 6 0
832 801 6 0
802 803 6 0
803 802 6 0
802 834 9 0
834 802 9 0
802 835 10 0
835 802 10 0
802 833 9 0
833 802 9 0
803 804 5 0
804 803 5 0
803 835 6 0
835 803 6 0
803 836 8 0
836 803 8 0
803 834 9 0
834 803 9 0
804 805 6 0
805 804 6 0
804 836 9 0
836 804 9 0
804 837 11 0
837 804 11 0
804 835 10 0
835 804 10 0
805 806 8 1
806 805 8 0
805 837 6 0
837 805 6 0
805 838 10 0
838 805 10 0
805 836 8 0
836 805 8 0
806 807 4 0
807 806 4 0
806 838 7 0
838 806 7 1
806 839 8 0
839 806 8 0
806 837 10 0
837 806 10 0
807 808 6 0
808 807 6 0
807 839 5 0
839 807 5 0
807 840 9 0
840 807 9 0
807 838 7 0
838 807 7 0
808 809 5 0
809 808 5 0
808 840 4 0
840 808 4 0
808 841 9 0
841 808 9 0
808 839 7 0
839 808 7 0
809 810 7 0
810 809 7 0
809 841 8 0
841 809 8 0
809 842 9 0
842 809 9 0
809 840 6 0
840 809 6 1
810 811 6 0
811 810 6 0
810 842 5 0
842 810 5 0
810 843 8 0
843 810 8 0
810 841 7 0
841 810 7 0
811 812 7 0
812 811 7 0
811 843 6 0
843 811 6 0
811 844 9 0
844 811 9 0
811 842 8 0
842 811 8 0
812 813 4 0
813 812 4 0
812 844 6 0
844 812 6 0
812 845 8 0
845 812 8 0
812 843 10 0
843 812 10 0
813 814 7 0
814 813 7 0
813 845 7 0
845 813 7 0
813 846 11 0
846 813 11 0
813 844 8 0
844 813 8 0
814 815 6 0
815 814 6 0
814 846 6 0
846 814 6 0
814 847 7 0
847 814 7 0
814 845 7 0
845 814 7 0
815 816 8 0
816 815 8 0
815 847 4 0
847 815 4 0
815 848 9 0
848 815 9 0
815 846 6 0
846 815 6 0
816 817 5 0
817 816 5 0
816 848 7 0
848 816 7 0
816 849 9 0
849 816 9 0
816 847 10 1
847 816 10 0
817 818 6 0
818 817 6 0
817 849 7 0
849 817 7 0
817 850 7 0
850 817 7 0
817 848 9 0
848 817 9 0
818 819 8 0
819 818 8 0
818 850 6 0
850 818 6 0
818 851 8 0
851 818 8 0
818 849 10 0
849 818 10 0
819 820 6 0
820 819 6 0
819 851 5 0
851 819 5 0
819 852 6 0
852 819 6 1
819 850 9 0
850 819 9 0
820 821 4 0
821 820 4 0
820 852 7 0
852 820 7 1
820 853 9 0
853 820 9 0
820 851 10 0
851 820 10 0
821 822 6 0
822 821 6 0
821 853 7 0
853 821 7 0
821 854 8 0
854 821 8 0
821 852 8 0
852 821 8 0
822 823 7 1
823 822 7 0
822 854 5 1
854 822 5 0
822 855 12 0
855 822 12 0
822 853 9 0
853 822 9 0
823 824 5 0
824 823 5 0
823 855 8 0
855 823 8 0
823 856 7 0
856 823 7 1
823 854 7 0
854 823 7 0
824 825 6 0
825 824 6 0
824 856 6 0
856 824 6 0
824 857 8 0
857 824 8 0
824 855 9 0
855 824 9 0
825 826 7 0
826 825 7 0
825 857 4 0
857 825 4 0
825 858 10 0
858 825 10 0
825 856 7 0
856 825 7 0
826 827 7 0
827 826 7 0
826 858 8 0
858 826 8 0
826 859 10 0
859 826 10 0
826 857 9 0
857 826 9 0
827 828 7 1
828 827 7 0
827 859 4 0
859 827 4 0
827 860 8 0
860 827 8 0
827 858 8 0
858 827 8 0
828 829 5 0
829 828 5 0
828 860 5 0
860 828 5 0
828 861 8 0
861 828 8 1
828 859 7 0
859 828 7 0
829 830 7 0
830 829 7 0
829 861 5 0
861 829 5 0
829 862 8 0
862 829 8 0
829 860 7 0
860 829 7 0
830 831 4 0
831 830 4 0
830 862 9 0
862 830 9 0
830 863 8 0
863 830 8 0
830 861 9 0
861 830 9 0
831 863 4 0
863 831 4 0
831 862 9 0
862 831 9 0
832 833 8 0
833 832 8 0
832 864 5 0
864 832 5 0
832 865 10 0
865 832 10 0
833 834 5 0
834 833 5 0
833 865 6 0
865 833 6 0
833 866 9 0
866 833 9 0
833 864 8 0
864 833 8 1
834 835 6 0
835 834 6 0
834 866 7 0
866 834 7 0
834 867 8 1
867 834 8 0
834 865 6 1
865 834 6 0
835 836 6 1
836 835 6 0
835 867 6 0
867 835 6 0
835 868 8 0
868 835 8 0
835 866 11 0
866 835 11 0
836 837 6 0
837 836 6 0
836 868 5 0
868 836 5 0
836 869 7 1
869 836 7 1
836 867 8 0
867 836 8 0
837 838 6 0
838 837 6 0
837 869 5 0
869 837 5 0
837 870 7 0
870 837 7 0
837 868 7 0
868 837 7 0
838 839 5 0
839 838 5 0
838 870 5 0
870 838 5 1
838 871 7 0
871 838 7 0
838 869 8 0
869 838 8 0
839 840 7 1
840 839 7 0
839 871 5 0
871 839 5 0
839 872 9 1
872 839 9 0
839 870 9 0
870 839 9 0
840 841 6 0
841 840 6 0
840 872 9 0
872 840 9 0
840 873 8 0
873 840 8 0
840 871 10 0
871 840 10 0
841 842 4 0
842 841 4 0
841 873 3 0
873 841 3 0
841 874 7 0
874 841 7 0
841 872 10 0
872 841 10 0
842 843 6 0
843 842 6 0
842 874 6 0
874 842 6 0
842 875 11 0
875 842 11 0
842 873 6 0
873 842 6 0
843 844 7 1
844 843 7 0
843 875 7 0
875 843 7 0
843 876 7 0
876 843 7 0
843 874 7 0
874 843 7 0
844 845 7 0
845 844 7 0
844 876 4 0
876 844 4 0
844 877 8 0
877 844 8 0
844 875 8 0
875 844 8 0
845 846 7 0
846 845 7 0
845 877 6 0
877 845 6 0
845 878 9 0
878 845 9 0
845 876 9 0
876 845 9 0
846 847 3 0
847 846 3 0
846 878 8 0
878 846 8 0
846 879 6 0
879 846 6 0
846 877 9 0
877 846 9 0
847 848 7 0
848 847 7 0
847 879 6 0
879 847 6 0
847 880 10 0
880 847 10 0
847 878 9 0
878 847 9 1
848 849 7 0
849 848 7 0
848 880 6 0
880 848 6 0
848 881 10 0
881 848 10 0
848 879 8 0
879 848 8 0
849 850 6 0
850 849 6 0
849 881 6 0
881 849 6 1
849 882 8 0
882 849 8 0
849 880 8 0
880 849 8 0
850 851 6 0
851 850 6 0
850 882 10 0
882 850 10 0
850 883 11 0
883 850 11 0
850 881 10 0
881 850 10 0
851 852 6 0
852 851 6 0
851 883 9 0
883 851 9 0
851 884 11 1
884 851 11 0
851 882 12 0
882 851 12 0
852 853 7 0
853 852 7 0
852 884 8 0
884 852 8 0
852 885 12 0
885 852 12 0
852 883 11 0
883 852 11 0
853 854 7 1
854 853 7 0
853 885 7 0
885 853 7 0
853 886 9 0
886 853 9 0
853 884 8 0
884 853 8 0
854 855 8 0
855 854 8 0
854 886 9 0
886 854 9 0
854 887 11 1
887 854 11 0
854 885 10 1
885 854 10 0
855 856 5 0
856 855 5 0
855 887 4 0
887 855 4 0
855 888 5 0
888 855 5 0
855 886 10 1
886 855 10 0
856 857 5 0
857 856 5 0
856 888 6 0
888 856 6 0
856 889 9 0
889 856 9 0
856 887 8 0
887 856 8 0
857 858 8 0
858 857 8 0
857 889 8 0
889 857 8 0
857 890 10 0
890 857 10 0
857 888 8 0
888 857 8 0
858 859 7 0
859 858 7 0
858 890 4 1
890 858 4 0
858 891 8 0
891 858 8 0
858 889 8 0
889 858 8 0
859 860 6 0
860 859 6 0
859 891 7 0
891 859 7 0
859 892 6 0
892 859 6 0
859 890 9 0
890 859 9 0
860 861 6 0
861 860 6 0
860 892 6 0
892 860 6 0
860 893 8 0
893 860 8 0
860 891 9 0
891 860 9 0
861 862 4 0
862 861 4 0
861 893 6 0
893 861 6 0
861 894 8 0
894 861 8 0
861 892 11 0
892 861 11 0
862 863 9 0
863 862 9 0
862 894 5 0
894 862 5 0
862 895 8 0
895 862 8 0
862 893 6 0
893 862 6 0
863 895 7 1
895 863 7 0
863 894 11 0
894 863 11 0
864 865 7 0
865 864 7 0
864 896 8 0
896 864 8 0
864 897 7 0
897 864 7 0
865 866 4 0
866 865 4 0
865 897 6 0
897 865 6 0
865 898 8 0
898 865 8 0
865 896 11 0
896 865 11 0
866 867 9 0
867 866 9 0
866 898 4 0
898 866 4 0
866 899 8 0
899 866 8 0
866 897 6 0
897 866 6 0
867 868 7 0
868 867 7 0
867 899 4 0
899 867 4 0
867 900 7 0
900 867 7 0
867 898 7 0
898 867 7 0
868 869 5 0
869 868 5 0
868 900 6 0
900 868 6 0
868 901 7 0
901 868 7 0
868 899 9 0
899 868 9 0
869 870 5 0
870 869 5 0
869 901 6 0
901 869 6 0
869 902 7 0
902 869 7 0
869 900 9 0
900 869 9 0
870 871 6 0
871 870 6 0
870 902 6 0
902 870 6 0
870 903 8 0
903 870 8 0
870 901 9 0
901 870 9 0
871 872 6 0
872 871 6 0
871 903 7 0
903 871 7 0
871 904 9 0
904 871 9 1
871 902 9 1
902 871 9 0
872 873 9 0
873 872 9 0
872 904 5 0
904 872 5 0
872 905 9 0
905 872 9 0
872 903 8 0
903 872 8 0
873 874 6 0
874 873 6 0
873 905 6 0
905 873 6 0
873 906 9 0
906 873 9 0
873 904 11 0
904 873 11 0
874 875 7 0
875 874 7 0
874 906 6 0
906 874 6 0
874 907 6 0
907 874 6 0
874 905 7 0
905 874 7 0
875 876 5 0
876 875 5 0
875 907 4 0
907 875 4 0
875 908 7 0
908 875 7 0
875 906 9 0
906 875 9 0
876 877 7 0
877 876 7 0
876 908 8 0
908 876 8 0
876 909 10 0
909 876 10 0
876 907 9 0
907 876 9 0
877 878 6 0
878 877 6 0
877 909 5 0
909 877 5 0
877 910 9 0
910 877 9 0
877 908 8 0
908 877 8 0
878 879 5 0
879 878 5 0
878 910 6 0
910 878 6 0
878 911 8 0
911 878 8 0
878 909 7 0
909 878 7 0
879 880 7 0
880 879 7 0
879 911 9 0
911 879 9 0
879 912 9 0
912 879 9 0
879 910 11 0
910 879 11 0
880 881 7 0
881 880 7 0
880 912 5 0
912 880 5 0
880 913 10 1
913 880 10 0
880 911 10 0
911 880 10 0
881 882 4 0
882 881 4 0
881 913 6 0
913 881 6 0
881 914 9 0
914 881 9 0
881 912 9 0
912 881 9 0
882 883 6 0
883 882 6 0
882 914 6 1
914 882 6 0
882 915 9 0
915 882 9 1
882 913 6 0
913 882 6 0
883 884 7 0
884 883 7 0
883 915 5 0
915 883 5 0
883 916 7 0
916 883 7 0
883 914 7 0
914 883 7 0
884 885 7 0
885 884 7 0
884 916 5 0
916 884 5 0
884 917 7 0
917 884 7 0
884 915 9 0
915 884 9 0
885 886 4 0
886 885 4 0
885 917 4 0
917 885 4 0
885 918 7 0
918 885 7 0
885 916 8 0
916 885 8 0
886 887 9 0
887 886 9 0
886 918 5 1
918 886 5 0
886 919 8 0
919 886 8 0
886 917 7 0
917 886 7 0
887 888 4 0
888 887 4 0
887 919 6 0
919 887 6 0
887 920 8 0
920 887 8 0
887 918 10 0
918 887 10 0
888 889 7 0
889 888 7 0
888 920 7 0
920 888 7 0
888 921 11 0
921 888 11 1
888 919 9 0
919 888 9 0
889 890 7 0
890 889 7 0
889 921 7 0
921 889 7 0
889 922 8 0
922 889 8 0
889 920 7 0
920 889 7 0
890 891 6 1
891 890 6 0
890 922 7 0
922 890 7 0
890 923 8 0
923 890 8 0
890 921 10 0
921 890 10 0
891 892 4 0
892 891 4 0
891 923 5 0
923 891 5 0
891 924 8 0
924 891 8 0
891 922 8 0
922 891 8 0
892 893 8 0
893 892 8 0
892 924 8 0
924 892 8 0
892 925 10 0
925 892 10 0
892 923 8 0
923 892 8 0
893 894 6 0
894 893 6 0
893 925 5 0
925 893 5 0
893 926 9 0
926 893 9 0
893 924 11 0
924 893 11 0
894 895 6 0
895 894 6 0
894 926 6 0
926 894 6 0
894 927 8 0
927 894 8 0
894 925 6 0
925 894 6 0
895 927 6 0
927 895 6 0
895 926 9 0
926 895 9 0
896 897 6 0
897 896 6 0
896 928 5 0
928 896 5 0
896 929 9 0
929 896 9 0
897 898 8 0
898 897 8 0
897 929 6 0
929 897 6 0
897 930 11 0
930 897 11 0
897 928 9 0
928 897 9 0
898 899 5 0
899 898 5 0
898 930 9 0
930 898 9 0
898 931 9 0
931 898 9 0
898 929 9 0
929 898 9 0
899 900 6 0
900 899 6 0
899 931 9 0
931 899 9 0
899 932 10 0
932 899 10 0
899 930 11 0
930 899 11 0
900 901 6 0
901 900 6 0
900 932 7 0
932 900 7 0
900 933 9 0
933 900 9 0
900 931 10 0
931 900 10 0
901 902 5 0
902 901 5 0
901 933 6 0
933 901 6 1
901 934 9 0
934 901 9 0
901 932 9 0
932 901 9 0
902 903 5 0
903 902 5 0
902 934 6 0
934 902 6 0
902 935 9 0
935 902 9 0
902 933 8 0
933 902 8 0
903 904 7 0
904 903 7 0
903 935 6 0
935 903 6 0
903 936 10 0
936 903 10 0
903 934 7 0
934 903 7 0
904 905 8 0
905 904 8 1
904 936 7 0
936 904 7 0
904 937 11 1
937 904 11 0
904 935 9 0
935 904 9 0
905 906 5 0
906 905 5 0
905 937 9 0
937 905 9 0
905 938 10 0
938 905 10 1
905 936 12 0
936 905 12 0
906 907 5 0
907 906 5 0
906 938 7 0
938 906 7 0
906 939 8 0
939 906 8 0
906 937 8 0
937 906 8 0
907 908 9 0
908 907 9 0
907 939 9 0
939 907 9 0
907 940 8 1
940 907 8 0
907 938 10 0
938 907 10 0
908 909 6 0
909 908 6 0
908 940 5 0
940 908 5 0
908 941 7 0
941 908 7 0
908 939 11 0
939 908 11 0
909 910 5 0
910 909 5 0
909 941 8 0
941 909 8 0
909 942 7 0
942 909 7 0
909 940 10 0
940 909 10 0
910 911 6 0
911 910 6 0
910 942 3 0
942 910 3 0
910 943 7 0
943 910 7 0
910 941 8 0
941 910 8 0
911 912 6 0
912 911 6 0
911 943 4 0
943 911 4 0
911 944 7 0
944 911 7 0
911 942 8 1
942 911 8 0
912 913 8 0
913 912 8 0
912 944 8 0
944 912 8 0
912 945 12 0
945 912 12 0
912 943 9 0
943 912 9 0
913 914 6 0
914 913 6 0
913 945 7 0
945 913 7 0
913 946 7 0
946 913 7 0
913 944 10 0
944 913 10 0
914 915 6 0
915 914 6 1
914 946 3 0
946 914 3 0
914 947 7 0
947 914 7 0
914 945 8 0
945 914 8 0
915 916 5 0
916 915 5 0
915 947 5 0
947 915 5 0
915 948 7 0
948 915 7 0
915 946 7 0
946 915 7 0
916 917 6 0
917 916 6 0
916 948 8 0
948 916 8 0
916 949 9 0
949 916 9 0
916 947 9 0
947 916 9 0
917 918 7 0
918 917 7 0
917 949 6 0
949 917 6 0
917 950 10 0
950 917 10 0
917 948 10 0
948 917 10 0
918 919 6 0
919 918 6 0
918 950 6 0
950 918 6 0
918 951 9 0
951 918 9 0
918 949 7 0
949 918 7 0
919 920 8 0
920 919 8 0
919 951 8 0
951 919 8 0
919 952 10 0
952 919 10 0
919 950 9 0
950 919 9 0
920 921 6 0
921 920 6 0
920 952 8 0
952 920 8 0
920 953 7 0
953 920 7 0
920 951 11 0
951 920 11 0
921 922 6 0
922 921 6 0
921 953 4 0
953 921 4 0
921 954 7 0
954 921 7 0
921 952 11 0
952 921 11 0
922 923 4 0
923 922 4 0
922 954 6 0
954 922 6 0
922 955 9 0
955 922 9 0
922 953 9 0
953 922 9 0
923 924 6 0
924 923 6 0
923 955 8 0
955 923 8 0
923 956 10 0
956 923 10 0
923 954 7 0
954 923 7 0
924 925 9 0
925 924 9 0
924 956 6 0
956 924 6 0
924 957 8 0
957 924 8 0
924 955 8 0
955 924 8 0
925 926 6 0
926 925 6 0
925 957 7 0
957 925 7 0
925 958 9 1
958 925 9 0
925 956 13 0
956 925 13 0
926 927 7 0
927 926 7 0
926 958 5 0
958 926 5 0
926 959 8 0
959 926 8 0
926 957 8 0
957 926 8 0
927 959 5 0
959 927 5 0
927 958 9 0
958 927 9 0
928 929 7 0
929 928 7 0
928 960 8 0
960 928 8 0
928 961 9 0
961 928 9 0
929 930 6 0
930 929 6 0
929 961 7 0
961 929 7 0
929 962 9 0
962 929 9 0
929 960 9 0
960 929 9 0
930 931 5 0
931 930 5 0
930 962 4 0
962 930 4 0
930 963 8 0
963 930 8 0
930 961 9 0
961 930 9 0
931 932 7 0
932 931 7 0
931 963 6 0
963 931 6 0
931 964 8 0
964 931 8 0
931 962 8 0
962 931 8 0
932 933 7 0
933 932 7 0
932 964 7 0
964 932 7 0
932 965 8 0
965 932 8 0
932 963 8 0
963 932 8 0
933 934 6 0
934 933 6 0
933 965 6 0
965 933 6 0
933 966 10 0
966 933 10 0
933 964 11 0
964 933 11 0
934 935 4 0
935 934 4 0
934 966 8 0
966 934 8 0
934 967 10 0
967 934 10 0
934 965 9 0
965 934 9 0
935 936 6 0
936 935 6 0
935 967 8 0
967 935 8 0
935 968 10 0
968 935 10 0
935 966 8 0
966 935 8 0
936 937 9 0
937 936 9 0
936 968 6 0
968 936 6 0
936 969 9 0
969 936 9 0
936 967 7 0
967 936 7 0
937 938 4 0
938 937 4 0
937 969 5 0
969 937 5 0
937 970 7 0
970 937 7 0
937 968 10 0
968 937 10 0
938 939 4 0
939 938 4 0
938 970 6 0
970 938 6 0
938 971 8 0
971 938 8 0
938 969 7 0
969 938 7 1
939 940 7 0
940 939 7 0
939 971 5 0
971 939 5 0
939 972 9 0
972 939 9 0
939 970 8 0
970 939 8 0
940 941 7 0
941 940 7 0
940 972 9 0
972 940 9 0
940 973 11 0
973 940 11 0
940 971 8 0
971 940 8 0
941 942 6 0
942 941 6 0
941 973 7 0
973 941 7 0
941 974 7 0
974 941 7 0
941 972 8 0
972 941 8 0
942 943 7 0
943 942 7 0
942 974 6 0
974 942 6 0
942 975 10 0
975 942 10 0
942 973 10 0
973 942 10 0
943 944 5 0
944 943 5 0
943 975 7 0
975 943 7 0
943 976 11 0
976 943 11 0
943 974 8 0
974 943 8 0
944 945 9 0
945 944 9 0
944 976 8 0
976 944 8 0
944 977 9 0
977 944 9 0
944 975 9 1
975 944 9 0
945 946 6 0
946 945 6 0
945 977 5 0
977 945 5 0
945 978 7 0
978 945 7 0
945 976 9 0
976 945 9 0
946 947 6 0
947 946 6 0
946 978 9 0
978 946 9 0
946 979 10 0
979 946 10 0
946 977 11 0
977 946 11 0
947 948 4 0
948 947 4 0
947 979 6 0
979 947 6 0
947 980 9 0
980 947 9 0
947 978 10 0
978 947 10 0
948 949 8 0
949 948 8 0
948 980 6 0
980 948 6 0
948 981 11 0
981 948 11 0
948 979 6 0
979 948 6 1
949 950 6 0
950 949 6 0
949 981 8 0
981 949 8 0
949 982 9 0
982 949 9 0
949 980 10 0
980 949 10 0
950 951 6 0
951 950 6 0
950 982 6 0
982 950 6 0
950 983 7 0
983 950 7 0
950 981 8 0
981 950 8 0
951 952 5 0
952 951 5 0
951 983 3 0
983 951 3 0
951 984 6 0
984 951 6 0
951 982 9 0
982 951 9 0
952 953 8 0
953 952 8 0
952 984 3 0
984 952 3 0
952 985 9 0
985 952 9 0
952 983 6 0
983 952 6 0
953 954 6 0
954 953 6 0
953 985 7 0
985 953 7 0
953 986 11 0
986 953 11 0
953 984 9 0
984 953 9 0
954 955 5 0
955 954 5 0
954 986 9 0
986 954 9 0
954 987 9 0
987 954 9 0
954 985 9 0
985 954 9 0
955 956 5 0
956 955 5 0
955 987 5 0
987 955 5 0
955 988 9 0
988 955 9 0
955 986 8 0
986 955 8 0
956 957 8 0
957 956 8 0
956 988 5 0
988 956 5 0
956 989 8 0
989 956 8 0
956 987 7 0
987 956 7 0
957 958 7 0
958 957 7 0
957 989 7 0
989 957 7 0
957 990 8 0
990 957 8 0
957 988 8 0
988 957 8 0
958 959 7 0
959 958 7 0
958 990 6 1
990 958 6 0
958 991 8 0
991 958 8 0
958 989 10 0
989 958 10 0
959 991 7 0
991 959 7 0
959 990 10 0
990 959 10 0
960 961 3 0
961 960 3 0
960 992 5 0
992 960 5 0
960 993 5 0
993 960 5 0
961 962 7 0
962 961 7 0
961 993 5 0
993 961 5 0
961 994 9 0
994 961 9 0
961 992 7 0
992 961 7 0
962 963 7 0
963 962 7 0
962 994 6 0
994 962 6 0
962 995 9 0
995 962 9 0
962 993 8 0
993 962 8 0
963 964 4 0
964 963 4 0
963 995 4 0
995 963 4 1
963 996 7 0
996 963 7 0
963 994 9 0
994 963 9 1
964 965 8 0
965 964 8 0
964 996 4 0
996 964 4 0
964 997 9 0
997 964 9 0
964 995 5 0
995 964 5 0
965 966 8 0
966 965 8 1
965 997 8 0
997 965 8 1
965 998 9 0
998 965 9 0
965 996 9 0
996 965 9 0
966 967 6 0
967 966 6 0
966 998 6 0
998 966 6 0
966 999 4 0
999 966 4 0
966 997 11 0
997 966 11 0
967 968 4 0
968 967 4 0
967 999 4 0
999 967 4 0
967 998 9 0
998 967 9 0
968 969 8 0
969 968 8 0
968 999 7 0
999 968 7 0
969 970 5 0
970 969 5 1
970 971 8 0
971 970 8 0
971 972 6 0
972 971 6 0
972 973 5 0
973 972 5 0
973 974 6 0
974 973 6 0
974 975 7 0
975 974 7 0
975 976 8 0
976 975 8 0
976 977 4 0
977 976 4 0
977 978 7 0
978 977 7 0
978 979 6 0
979 978 6 0
979 980 5 0
980 979 5 0
980 981 7 0
981 980 7 0
981 982 3 0
982 981 3 0
982 983 7 0
983 982 7 0
983 984 6 0
984 983 6 0
984 985 8 0
985 984 8 0
985 986 6 0
986 985 6 0
986 987 5 0
987 986 5 0
987 988 8 0
988 987 8 0
988 989 4 0
989 988 4 0
989 990 7 0
990 989 7 0
990 991 7 0
991 990 7 0
992 993 4 0
993 992 4 0
993 994 6 0
994 993 6 0
994 995 8 0
995 994 8 0
995 996 5 0
996 995 5 0
996 997 5 0
997 996 5 1
997 998 7 0
998 997 7 0
998 999 5 0
999 998 5 0
0.75 0.06
2.20 0.01
6.63 -0.78
8.22 0.65
11.83 0.79
15.13 0.14
17.17 -0.75
21.28 0.12
23.67 -0.43
27.31 -0.33
29.58 -0.66
33.26 -0.08
36.77 0.78
38.12 0.22
42.11 -0.72
45.07 0.01
47.34 -0.27
50.22 -0.46
53.61 -0.11
57.08 -0.36
60.87 0.55
63.05 0.30
66.10 0.78
68.29 0.68
71.58 0.70
75.44 -0.62
77.61 -0.52
80.72 0.34
84.64 0.01
86.55 0.73
89.19 0.24
93.59 -0.82
-0.30 2.34
3.86 2.39
5.90 3.37
9.11 2.30
12.80 3.34
14.37 2.16
17.76 3.09
20.87 2.18
23.76 3.78
27.85 2.17
29.74 3.33
33.30 2.74
36.11 3.67
39.85 3.45
42.77 2.53
44.39 3.54
47.42 2.84
50.42 3.76
54.51 2.84
57.31 3.42
59.55 2.39
63.36 2.79
65.17 2.95
68.46 3.75
71.73 3.58
75.67 2.50
78.29 2.82
80.60 2.22
84.49 2.73
87.02 3.32
90.62 2.70
92.15 3.68
-0.43 6.15
3.87 5.17
6.17 5.72
9.52 5.89
12.87 5.31
15.72 5.44
17.18 5.88
21.04 6.55
24.34 6.79
27.43 5.45
29.88 6.81
33.76 6.22
36.29 5.32
39.72 6.01
42.30 5.69
45.35 6.10
47.45 6.30
50.78 6.45
53.41 6.12
56.83 6.60
59.65 5.48
63.51 6.19
65.68 5.90
69.32 6.02
72.53 6.83
75.42 6.29
77.61 6.29
81.21 5.27
84.81 5.52
86.66 6.55
89.37 5.18
93.87 6.20
0.48 8.92
3.70 9.14
6.39 8.79
8.82 8.37
12.34 9.71
15.65 9.69
18.50 8.49
21.55 9.35
23.94 9.10
27.75 8.32
29.34 8.94
33.06 9.11
35.67 9.46
38.90 9.57
42.71 8.87
45.73 8.90
47.39 9.65
50.91 9.45
54.61 8.60
57.50 8.97
59.53 8.89
63.38 8.52
65.70 9.71
68.25 8.37
71.79 8.38
74.49 8.85
77.70 8.94
80.21 9.60
83.80 9.49
87.80 8.14
90.69 9.14
92.96 9.80
-0.36 11.80
3.70 12.60
6.07 12.42
9.54 12.72
11.98 11.59
14.97 11.80
18.30 12.54
21.40 12.61
24.76 12.87
27.06 12.73
30.17 12.29
32.25 11.87
36.66 11.43
38.57 11.69
41.92 11.71
45.68 11.60
48.81 11.86
51.60 11.95
54.45 11.19
57.81 11.50
59.22 12.82
62.17 11.16
65.55 12.61
69.22 11.53
71.95 11.31
75.81 11.94
77.56 11.76
81.19 12.83
84.39 12.50
86.39 11.66
90.14 12.77
93.14 12.73
-0.22 15.79
2.46 15.17
6.60 14.54
9.35 14.64
12.33 15.55
15.53 15.12
17.17 15.06
21.29 14.22
24.27 14.12
26.86 14.98
29.88 14.75
33.70 14.93
35.38 14.42
39.04 15.27
42.21 15.76
45.49 14.94
48.59 15.17
50.68 14.54
54.78 14.60
56.91 15.45
60.13 15.30
62.71 14.99
65.69 14.98
68.74 14.57
71.60 15.17
75.68 15.10
78.03 14.44
80.53 14.83
84.10 14.53
86.96 15.38
89.91 14.13
92.63 14.83
-0.46 18.30
2.76 18.10
5.72 18.89
9.09 17.73
11.92 17.65
14.51 18.40
17.67 18.44
21.81 18.34
23.44 18.43
26.60 18.16
30.47 18.17
33.86 18.60
35.63 17.75
38.64 18.37
41.33 17.18
44.20 17.63
48.80 18.25
51.46 17.28
53.12 17.61
56.96 17.71
60.84 17.55
63.65 17.31
65.22 17.99
69.14 18.34
71.37 18.56
75.81 17.25
77.55 18.10
80.85 18.17
84.21 18.50
86.78 18.74
89.64 18.16
92.87 18.12
-0.79 21.83
2.28 21.47
6.23 20.58
8.25 20.53
12.09 20.38
14.84 21.34
17.95 20.16
20.62 20.61
24.65 20.23
26.52 20.58
30.52 21.16
33.55 20.46
35.31 20.50
38.37 20.58
41.36 20.21
45.53 21.17
48.58 21.76
50.89 20.94
53.65 20.82
56.59 21.07
59.89 21.18
63.70 21.42
66.19 20.15
68.51 21.31
72.65 21.16
74.14 21.48
78.58 21.14
81.47 20.42
84.03 20.90
86.60 21.89
89.88 21.57
93.84 20.95
-0.16 23.68
2.29 23.39
5.84 23.99
9.29 23.82
12.47 23.17
14.26 23.55
17.31 24.49
21.66 24.58
23.10 24.66
26.93 23.20
30.03 24.22
33.00 23.90
35.19 23.58
38.34 23.62
42.69 23.97
44.15 24.23
48.54 24.38
50.66 23.12
53.83 23.50
57.61 23.30
60.80 24.27
62.38 24.78
65.63 24.37
68.85 23.97
71.95 23.92
74.36 23.44
78.18 24.44
80.35 23.23
84.49 24.64
86.71 24.52
89.58 23.10
93.41 24.61
0.14 27.29
3.66 26.90
5.97 26.70
9.47 26.78
12.78 27.67
15.87 26.53
17.79 27.64
20.84 26.67
23.95 27.74
26.79 27.88
30.53 27.27
32.37 27.84
35.33 27.84
38.70 26.28
42.62 26.28
45.74 26.13
47.36 27.67
51.85 26.23
54.51 26.58
57.22 26.82
59.24 26.69
63.31 27.06
66.82 27.23
69.70 26.98
72.07 27.21
74.52 27.33
77.62 26.51
80.26 27.86
84.47 27.37
86.28 26.40
89.64 26.15
92.68 26.20
-0.25 29.88
2.54 29.84
6.33 29.42
8.42 30.20
11.79 30.33
15.00 30.15
17.52 30.25
20.93 30.30
24.72 29.94
26.62 30.08
29.23 30.80
33.88 29.64
36.83 30.34
38.92 29.64
42.90 30.64
44.29 29.79
47.75 29.63
51.36 29.14
54.59 29.81
56.11 30.66
60.50 30.85
63.74 30.44
66.60 30.73
69.50 29.51
72.54 29.49
74.44 29.55
78.46 30.48
81.33 29.35
83.27 30.23
86.17 30.52
89.16 29.76
92.34 30.74
-0.31 32.85
2.46 33.52
6.68 32.76
9.00 32.59
11.40 33.75
15.80 33.84
17.63 33.67
21.55 32.94
23.24 33.46
26.51 33.32
30.31 32.82
33.62 33.10
35.26 32.81
38.58 32.32
41.76 33.45
44.57 32.79
48.25 32.77
51.31 32.95
54.22 33.80
56.69 33.20
60.27 33.24
62.94 33.36
66.27 32.31
68.18 32.17
72.89 32.31
74.52 33.07
77.80 32.77
81.81 33.35
84.07 33.16
87.41 33.69
90.28 33.60
93.21 33.79
-0.40 36.34
2.49 35.90
5.53 35.75
9.87 35.76
12.72 36.26
14.21 35.60
18.84 36.81
21.58 35.27
23.48 36.25
27.85 35.19
29.70 36.88
33.52 35.47
36.59 36.10
39.16 36.56
41.52 36.49
45.52 36.17
47.60 36.87
51.88 36.07
54.54 35.30
57.66 35.34
59.74 36.52
63.16 35.13
65.58 35.33
68.86 35.30
71.21 35.91
74.75 36.17
77.91 35.50
81.21 36.41
84.74 36.29
86.64 36.26
89.16 36.90
93.63 35.87
-0.71 39.38
2.90 39.72
5.68 38.37
8.33 39.22
12.15 39.38
14.79 39.18
17.63 39.01
20.87 39.53
23.31 39.28
27.68 39.09
30.66 38.87
33.70 38.84
36.59 38.82
39.41 38.66
41.66 38.56
45.82 39.34
47.95 38.26
50.25 38.88
54.44 38.77
56.33 38.21
60.82 39.11
63.31 38.84
66.67 39.79
68.86 39.75
71.19 38.62
74.66 38.29
78.01 38.38
80.97 39.63
83.73 39.10
86.31 38.60
89.51 38.87
93.11 39.48
0.22 42.31
3.10 42.20
6.28 42.35
8.15 41.59
12.47 42.76
14.73 41.43
17.36 42.28
20.23 42.43
24.85 41.27
27.05 41.78
29.92 41.38
32.66 41.68
36.79 42.17
39.69 41.38
42.46 41.19
44.25 41.90
47.86 42.19
50.85 41.49
54.02 41.72
56.30 42.32
60.17 42.05
62.66 41.50
66.87 41.20
68.47 42.80
72.48 42.48
74.62 41.32
78.00 41.88
80.33 42.06
83.51 42.11
87.30 41.74
89.81 42.44
92.89 41.93
-0.76 44.66
2.87 44.83
6.25 44.62
8.83 45.84
11.41 45.81
14.93 45.34
17.75 44.89
20.29 44.88
23.82 44.24
27.67 45.44
29.50 45.50
32.24 45.24
36.06 44.45
39.50 44.73
42.82 45.26
44.37 44.29
47.56 44.41
50.38 45.47
53.24 45.81
57.23 44.94
60.11 45.14
63.33 45.69
66.26 45.88
68.68 45.85
71.67 44.89
74.94 45.24
78.53 45.16
80.73 44.23
83.93 44.17
86.76 44.62
90.26 45.86
92.26 45.17
-0.21 48.14
3.82 48.43
5.17 48.74
9.13 47.44
12.19 48.00
15.82 47.91
18.56 48.61
21.87 47.25
24.26 47.17
27.37 48.88
30.04 48.20
32.76 48.75
35.80 48.49
39.32 47.19
42.24 47.70
44.69 48.10
47.80 47.55
51.63 48.84
54.18 47.37
56.25 48.29
60.75 47.66
63.28 48.29
65.33 48.38
68.25 48.11
72.26 47.69
74.33 48.37
78.80 48.89
81.74 47.27
84.31 48.02
86.13 47.66
90.81 47.72
93.48 47.45
0.90 50.38
2.63 51.52
6.01 51.07
9.43 51.05
12.29 51.68
15.21 51.18
17.38 50.43
21.35 51.22
24.72 51.40
26.18 50.76
30.40 51.85
33.20 51.45
36.51 50.52
38.53 51.84
42.51 51.73
44.45 51.32
48.13 50.89
51.48 51.50
54.01 50.85
56.39 50.46
60.19 51.67
62.19 50.97
65.77 51.78
69.38 51.03
71.32 50.25
74.39 50.91
78.02 51.60
80.27 51.74
84.57 51.69
87.77 50.85
89.81 50.77
92.80 50.25
-0.50 53.67
2.28 54.39
5.70 53.36
8.17 54.75
11.95 54.60
15.47 53.94
18.21 54.73
20.13 53.49
23.37 54.79
27.20 53.86
30.50 53.53
32.32 53.53
36.25 54.22
38.21 54.61
42.00 54.06
45.24 54.14
48.39 53.62
50.10 53.74
54.13 53.44
57.30 54.04
59.75 54.82
63.08 54.52
66.01 53.14
69.67 53.18
71.80 53.77
75.45 53.74
77.22 53.53
81.28 53.29
84.15 54.46
86.34 53.73
89.71 54.26
93.59 54.33
0.87 56.96
2.43 56.34
6.39 57.80
8.17 56.46
12.52 57.69
14.67 56.66
17.82 57.57
20.95 56.17
24.26 56.61
27.65 56.19
30.28 56.59
33.54 56.89
35.82 56.89
39.82 56.71
41.44 57.35
44.76 57.54
47.58 56.25
50.86 56.88
54.89 56.42
56.63 56.28
59.69 56.63
62.90 57.39
65.40 56.90
68.90 57.41
72.74 57.21
74.88 57.25
78.52 56.20
81.31 56.83
84.02 57.45
86.39 56.16
90.63 57.32
92.89 56.33
-0.48 60.26
2.75 60.81
5.16 59.38
8.91 59.77
11.90 59.24
14.35 59.76
17.67 59.60
21.83 59.15
23.43 60.03
27.74 59.31
30.49 60.37
32.49 60.20
36.35 60.90
38.46 59.34
41.23 59.41
45.38 60.90
48.56 60.84
51.88 60.30
54.38 60.09
56.62 59.64
59.38 60.38
63.36 59.41
65.75 59.50
69.87 60.53
71.53 59.99
74.75 60.13
77.94 60.87
80.33 60.69
83.22 59.82
87.39 59.96
89.84 59.84
93.13 59.33
-0.33 62.23
2.94 63.03
5.33 63.59
9.09 63.16
12.48 62.33
15.01 63.66
18.60 63.03
20.65 62.39
24.78 62.51
27.81 63.03
29.61 62.24
32.45 63.82
35.59 63.23
39.21 62.27
42.25 63.17
45.15 62.41
48.22 63.72
50.71 63.76
53.17 63.65
56.25 63.81
60.49 62.58
62.48 63.13
66.21 62.15
69.70 63.08
72.26 62.64
74.54 63.55
77.83 62.92
81.34 62.38
83.85 62.94
86.71 62.36
90.65 62.67
93.88 62.72
-0.18 66.47
3.03 65.29
5.54 65.32
8.91 65.35
11.19 66.80
15.66 65.85
18.83 66.72
21.56 66.78
24.40 65.44
26.39 66.89
29.94 66.68
33.00 65.26
35.81 65.92
38.53 66.15
41.19 65.61
45.18 66.62
48.31 65.61
50.11 65.29
53.34 65.58
56.76 65.83
59.18 65.19
63.11 65.75
65.62 65.80
68.91 66.09
72.59 66.22
75.20 65.33
77.27 65.77
81.88 66.10
83.76 65.36
87.18 65.82
89.17 65.17
93.38 66.55
0.03 68.37
3.71 68.35
6.78 68.67
8.81 69.21
12.62 69.17
15.01 69.02
17.98 69.11
20.95 68.13
23.70 68.30
26.85 68.65
30.72 69.67
33.23 69.17
35.58 69.28
39.85 69.14
41.51 68.19
44.96 69.04
48.40 69.49
50.78 69.58
53.54 69.13
57.36 68.44
59.89 68.85
62.84 68.47
66.00 69.20
68.95 69.63
72.41 69.37
75.03 69.11
78.90 68.96
80.78 69.82
83.93 69.06
87.08 69.32
90.66 69.33
93.55 68.58
-0.03 72.82
2.60 71.64
6.79 72.87
9.49 72.37
12.34 71.98
14.96 72.11
18.78 72.40
20.62 72.13
24.08 72.71
26.81 71.72
30.49 71.36
32.18 72.82
35.24 72.76
39.28 72.45
41.49 72.59
44.59 72.11
47.59 71.30
51.43 71.53
53.19 72.73
56.51 71.52
59.28 71.69
62.95 72.33
65.35 72.84
69.86 71.38
72.28 72.69
74.96 72.27
78.46 71.62
80.61 71.21
84.48 72.27
86.52 72.43
90.63 71.17
93.76 71.85
0.61 75.78
2.17 75.61
6.52 74.44
9.45 75.67
11.62 74.17
14.64 75.19
18.77 74.70
20.92 75.25
24.04 75.70
26.34 75.01
29.59 75.56
32.70 75.42
36.27 75.39
38.13 74.71
41.63 75.31
44.45 75.20
48.25 74.83
50.87 74.69
53.82 74.27
57.87 74.96
60.78 74.11
62.79 74.90
65.58 74.69
69.15 75.13
71.57 74.75
74.53 75.30
77.94 74.39
81.33 75.76
84.70 75.49
87.34 75.25
90.79 74.76
92.50 75.82
-0.04 77.92
3.88 77.77
6.36 78.74
9.46 78.54
12.59 78.47
15.32 78.17
18.52 78.05
21.05 77.75
24.75 77.30
27.59 78.73
29.46 78.07
32.40 78.64
35.90 78.32
39.39 77.98
42.72 77.90
44.20 77.34
47.85 78.12
51.11 78.31
53.65 77.14
56.56 77.11
59.49 77.23
62.86 78.36
66.07 77.21
69.71 78.88
71.95 77.62
74.42 77.34
78.25 78.41
81.83 77.77
84.70 77.91
87.75 77.78
89.24 78.84
93.67 77.34
0.65 80.31
3.89 80.81
5.33 81.86
9.60 81.46
12.86 80.93
15.39 80.86
17.78 80.51
20.93 80.38
23.44 81.68
27.48 80.16
30.29 81.21
33.79 81.70
35.53 80.22
39.17 80.90
42.31 81.67
44.54 80.18
47.89 81.07
51.46 81.50
53.35 81.89
56.52 81.75
60.14 81.14
63.49 81.57
65.53 81.68
69.87 81.04
71.84 80.60
75.10 81.17
78.42 80.42
81.32 81.10
83.18 80.72
87.26 80.79
90.04 81.35
92.83 80.64
-0.57 84.07
2.53 83.51
6.64 83.36
8.93 83.20
11.84 83.85
15.05 83.80
17.56 83.69
20.24 83.91
23.77 84.06
27.59 83.19
29.78 84.19
32.17 83.23
36.55 84.16
39.31 83.49
41.48 84.73
44.65 84.74
47.48 83.44
51.43 84.44
54.46 84.75
57.35 84.37
59.81 83.53
62.68 83.61
65.94 84.27
68.66 83.75
72.69 83.94
75.55 84.40
78.47 83.68
80.47 83.66
83.18 84.66
87.43 83.13
90.10 84.15
93.40 83.63
-0.55 86.51
3.13 86.54
6.09 87.80
8.71 87.47
11.98 87.40
15.43 86.93
18.42 86.73
20.35 87.08
23.43 87.70
27.88 87.82
30.04 87.61
32.23 87.57
35.19 86.11
38.35 87.24
41.22 86.37
44.49 86.92
47.21 87.25
51.78 87.74
54.29 86.13
57.06 86.84
59.13 87.40
63.06 86.62
66.00 87.36
68.88 87.79
71.42 87.75
75.04 86.53
78.22 86.55
80.74 87.53
83.24 87.83
86.93 86.54
90.36 86.64
93.59 86.25
0.89 90.27
2.16 89.83
5.78 89.96
9.25 90.37
11.25 90.62
15.26 89.70
18.86 90.85
21.71 90.75
23.51 90.72
27.35 90.12
29.59 90.76
33.33 89.60
36.08 90.28
38.42 90.63
41.13 89.47
44.36 90.58
48.58 90.77
50.64 90.12
54.12 90.63
57.32 90.07
59.79 90.43
63.52 90.34
65.24 90.44
68.72 89.28
71.52 89.24
75.19 90.20
78.17 90.84
80.69 90.24
84.51 89.91
86.51 90.10
89.78 89.43
93.15 89.78
0.49 92.63
2.54 92.23
5.58 92.78
9.51 92.38
11.80 92.75
14.26 93.80
17.90 93.47
20.28 92.26
0 49
